Rain Fall (mm),Fertilizer,Temperature,Nitrogen (N),Phosphorus (P),Potassium (K),Yeild (Q/acre),Crop Type,NPK_Total,Rain_Fertilizer,Temp_NPK,Rainfall_Category,Yield_Category,Crop_Type_Encoded
1230,80,28,80,24,20,12.0,Corn,124,98400,3472,Very High,High,1
480,60,36,70,20,18,8.0,Sorghum,108,28800,3888,Low,Low,3
1250,75,29,78,22,19,11.0,Soybean,119,93750,3451,Very High,High,4
450,65,35,70,19,18,9.0,Sorghum,107,29250,3745,Low,Medium,3
1200,80,27,79,22,19,11.0,Wheat,120,96000,3240,High,High,5
500,70,34,74,22,16,10.0,Barley,112,35000,3808,Low,Medium,0
1275,71,28,77,21,20,11.0,Corn,118,90525,3304,Very High,High,1
425,65,37,67,18,15,7.0,Corn,100,27625,3700,Low,Low,1
1200,77,27,78,23,20,12.0,Sorghum,121,92400,3267,High,High,3
400,50,39,60,18,15,6.0,Barley,93,20000,3627,Low,Low,0
1280,80,26,80,24,20,12.0,Barley,124,102400,3224,Very High,High,0
415,55,38,65,19,17,8.0,Wheat,101,22825,3838,Low,Low,5
1225,79,29,79,23,20,11.0,Sorghum,122,96775,3538,Very High,High,3
425,50,37,65,18,19,9.0,Sorghum,102,21250,3774,Low,Medium,3
1250,70,24,70,22,18,11.0,Rice,110,87500,2640,Very High,High,2
400,60,39,60,18,15,5.5,Sorghum,93,24000,3627,Low,Low,3
1300,80,28,80,24,20,12.0,Corn,124,104000,3472,Very High,High,1
410,55,36,65,21,16,7.0,Wheat,102,22550,3672,Low,Low,5
1150,77,28,76,23,20,11.0,Barley,119,88550,3332,High,High,0
1200,78,27,78,23,19,12.0,Sorghum,120,93600,3240,High,High,3
410,50,37,59,19,15,6.0,Wheat,93,20500,3441,Low,Low,5
1280,76,26,75,24,19,11.0,Sorghum,118,97280,3068,Very High,High,3
425,55,38,65,19,17,7.0,Barley,101,23375,3838,Low,Low,0
1225,73,29,73,23,20,10.0,Soybean,116,89425,3364,Very High,Medium,4
450,50,37,65,18,19,9.0,Barley,102,22500,3774,Low,Medium,0
1250,70,24,70,22,18,10.0,Barley,110,87500,2640,Very High,Medium,0
400,60,39,60,18,15,6.0,Barley,93,24000,3627,Low,Low,0
1250,80,28,80,24,20,12.0,Sorghum,124,100000,3472,Very High,High,3
405,55,36,60,21,16,7.0,Rice,97,22275,3492,Low,Low,2
1200,72,29,73,21,19,10.0,Barley,113,86400,3277,High,Medium,0
1150,80,26,75,21,20,11.0,Corn,116,92000,3016,High,High,1
475,55,39,61,18,16,6.0,Corn,95,26125,3705,Low,Low,1
1275,76,26,75,24,19,11.0,Wheat,118,96900,3068,Very High,High,5
450,55,38,65,19,17,7.0,Rice,101,24750,3838,Low,Low,2
1200,73,29,73,23,20,10.0,Wheat,116,87600,3364,High,Medium,5
500,50,37,65,18,19,9.0,Corn,102,25000,3774,Low,Medium,1
1300,70,24,70,22,18,10.0,Corn,110,91000,2640,Very High,Medium,1
425,60,39,60,18,15,6.0,Soybean,93,25500,3627,Low,Low,4
1250,75,26,75,22,19,12.0,Barley,116,93750,3016,Very High,High,0
440,58,37,66,22,18,8.0,Corn,106,25520,3922,Low,Low,1
1275,78,28,77,23,21,11.0,Sorghum,121,99450,3388,Very High,High,3
405,55,36,60,21,16,7.0,Sorghum,97,22275,3492,Low,Low,3
1175,78,28,75,23,22,11.0,Wheat,120,91650,3360,High,High,5
410,60,39,65,18,15,6.0,Wheat,98,24600,3822,Low,Low,5
1250,80,26,78,23,19,11.0,Barley,120,100000,3120,Very High,High,0
460,55,38,61,20,18,7.0,Barley,99,25300,3762,Low,Low,0
1275,76,26,75,24,19,11.0,Soybean,118,96900,3068,Very High,High,4
445,60,38,68,22,18,8.0,Rice,108,26700,4104,Low,Low,2
1220,77,29,75,22,19,10.0,Wheat,116,93940,3364,Very High,Medium,5
450,50,37,60,18,15,6.0,Barley,93,22500,3441,Low,Low,0
1225,79,24,79,22,19,11.0,Wheat,120,96775,2880,Very High,High,5
430,65,39,65,19,16,6.0,Barley,100,27950,3900,Low,Low,0
1275,77,27,78,21,20,11.0,Corn,119,98175,3213,Very High,High,1
400,52,38,64,19,15,6.5,Wheat,98,20800,3724,Low,Low,5
1245,78,27,78,22,19,10.0,Corn,119,97110,3213,Very High,Medium,1
455,58,37,61,21,18,7.5,Wheat,100,26390,3700,Low,Low,5
1280,73,28,75,24,19,11.0,Rice,118,93440,3304,Very High,High,2
475,62,37,68,22,18,9.0,Soybean,108,29450,3996,Low,Medium,4
1300,79,28,77,23,19,10.0,Sorghum,119,102700,3332,Very High,Medium,3
425,55,36,65,19,15,7.0,Sorghum,99,23375,3564,Low,Low,3
1175,77,25,75,22,19,11.0,Sorghum,116,90475,2900,High,High,3
425,70,39,70,20,16,6.5,Corn,106,29750,4134,Low,Low,1
1200,75,27,79,21,20,11.0,Barley,120,90000,3240,High,High,0
450,56,40,67,18,15,7.0,Sorghum,100,25200,4000,Low,Low,3
1200,75,27,76,21,19,11.0,Rice,116,90000,3132,High,High,2
410,55,38,68,20,16,7.0,Sorghum,104,22550,3952,Low,Low,3
1250,75,27,75,23,20,11.0,Wheat,118,93750,3186,Very High,High,5
475,60,37,63,20,18,7.0,Corn,101,28500,3737,Low,Low,1
1225,75,29,77,23,19,10.0,Wheat,119,91875,3451,Very High,Medium,5
455,60,38,65,20,16,8.5,Wheat,101,27300,3838,Low,Medium,5
1245,77,27,75,22,20,9.5,Wheat,117,95865,3159,Very High,Medium,5
450,59,40,67,18,16,7.5,Soybean,101,26550,4040,Low,Low,4
1200,79,27,77,23,20,10.5,Soybean,120,94800,3240,High,High,4
475,72,36,71,21,17,7.0,Barley,109,34200,3924,Low,Low,0
1275,77,28,76,22,19,10.0,Corn,117,98175,3276,Very High,Medium,1
475,58,39,68,19,16,7.5,Rice,103,27550,4017,Low,Low,2
1300,80,28,80,24,20,12.0,Rice,124,104000,3472,Very High,High,2
400,50,40,60,18,15,6.0,Rice,93,20000,3720,Low,Low,2
1175,70,28,70,22,19,10.0,Wheat,111,82250,3108,High,Medium,5
445,65,39,65,21,19,7.5,Soybean,105,28925,4095,Low,Low,4
1200,77,29,76,22,19,9.5,Corn,117,92400,3393,High,Medium,1
450,65,38,60,20,16,8.0,Wheat,96,29250,3648,Low,Low,5
1225,75,28,79,21,19,9.5,Soybean,119,91875,3332,Very High,Medium,4
450,65,39,70,20,19,8.5,Soybean,109,29250,4251,Low,Medium,4
1300,76,28,77,22,20,9.0,Sorghum,119,98800,3332,Very High,Medium,3
450,70,36,72,25,18,8.0,Sorghum,115,31500,4140,Low,Low,3
1250,77,28,76,22,19,10.0,Corn,117,96250,3276,Very High,Medium,1
475,60,39,70,20,17,8.0,Corn,107,28500,4173,Low,Low,1
1200,75,28,77,23,19,11.0,Corn,119,90000,3332,High,High,1
410,52,40,62,19,16,6.5,Wheat,97,21320,3880,Low,Low,5
1225,75,28,75,23,20,11.0,Barley,118,91875,3304,Very High,High,0
460,60,39,60,20,16,7.0,Corn,96,27600,3744,Low,Low,1
1150,78,29,77,21,18,9.0,Sorghum,116,89700,3364,High,Medium,3
475,65,38,60,20,16,8.0,Barley,96,30875,3648,Low,Low,0
1250,77,28,78,23,20,9.0,Wheat,121,96250,3388,Very High,Medium,5
425,60,39,65,19,17,6.5,Barley,101,25500,3939,Low,Low,0
1220,79,28,77,23,21,10.5,Rice,121,96380,3388,Very High,High,2
480,65,36,68,21,16,7.0,Barley,105,31200,3780,Low,Low,0
502,98,20,60,18,23,10.2,Barley,101,49196,2020,Low,High,0
835,74,35,72,26,18,10.4,Sorghum,116,61790,4060,Medium,High,3
1260,82,32,80,22,11,8.6,Barley,113,103320,3616,Very High,Medium,0
670,87,29,85,16,14,8.5,Sorghum,115,58290,3335,Medium,Medium,3
506,55,31,77,23,15,13.3,Wheat,115,27830,3565,Low,Very High,5
471,93,21,72,27,16,12.9,Soybean,115,43803,2415,Low,Very High,4
1100,94,22,80,28,14,8.1,Corn,122,103400,2684,High,Medium,1
420,81,29,80,20,18,14.1,Rice,118,34020,3422,Low,Very High,2
1014,94,21,77,23,10,14.5,Rice,110,95316,2310,High,Very High,2
521,96,32,64,22,16,8.3,Wheat,102,50016,3264,Low,Medium,5
866,70,32,72,29,19,8.5,Corn,120,60620,3840,Medium,Medium,1
614,65,37,63,29,16,10.1,Corn,108,39910,3996,Medium,High,1
730,70,22,76,21,13,14.4,Wheat,110,51100,2420,Medium,Very High,5
858,60,26,62,27,18,13.8,Corn,107,51480,2782,Medium,Very High,1
487,86,33,76,28,23,6.0,Soybean,127,41882,4191,Low,Low,4
772,85,39,87,15,21,8.9,Wheat,123,65620,4797,Medium,Medium,5
499,84,36,70,28,20,10.5,Soybean,118,41916,4248,Low,High,4
1271,68,31,80,26,14,10.0,Corn,120,86428,3720,Very High,Medium,1
1063,69,35,79,17,13,6.9,Wheat,109,73347,3815,High,Low,5
530,67,31,82,25,22,13.6,Corn,129,35510,3999,Low,Very High,1
1061,96,34,80,28,16,11.8,Wheat,124,101856,4216,High,High,5
708,90,29,85,16,13,13.4,Corn,114,63720,3306,Medium,Very High,1
1169,98,26,89,19,24,13.6,Soybean,132,114562,3432,High,Very High,4
743,63,39,63,29,12,12.5,Soybean,104,46809,4056,Medium,Very High,4
891,64,24,61,19,18,9.4,Corn,98,57024,2352,Medium,Medium,1
813,80,20,79,19,20,11.1,Wheat,118,65040,2360,Medium,High,5
1205,50,36,75,18,17,6.6,Rice,110,60250,3960,Very High,Low,2
785,52,22,87,19,10,11.7,Soybean,116,40820,2552,Medium,High,4
591,65,32,77,17,16,6.8,Soybean,110,38415,3520,Low,Low,4
1355,72,33,67,26,18,11.9,Sorghum,111,97560,3663,Very High,High,3
676,60,37,62,15,17,7.3,Rice,94,40560,3478,Medium,Low,2
560,61,23,68,19,17,6.2,Corn,104,34160,2392,Low,Low,1
859,59,37,88,27,22,6.7,Wheat,137,50681,5069,Medium,Low,5
713,81,24,79,23,15,5.0,Sorghum,117,57753,2808,Medium,Low,3
421,65,35,88,27,20,12.2,Corn,135,27365,4725,Low,Very High,1
652,57,20,65,23,13,12.3,Barley,101,37164,2020,Medium,Very High,0
1147,87,33,69,18,17,10.1,Soybean,104,99789,3432,High,High,4
1256,61,34,80,17,12,6.6,Barley,109,76616,3706,Very High,Low,0
960,73,28,69,15,22,5.8,Soybean,106,70080,2968,High,Low,4
874,77,34,72,16,18,5.2,Soybean,106,67298,3604,Medium,Low,4
458,57,36,76,22,22,6.7,Barley,120,26106,4320,Low,Low,0
910,77,23,68,15,11,13.9,Barley,94,70070,2162,High,Very High,0
1081,85,31,76,22,11,7.4,Corn,109,91885,3379,High,Low,1
875,75,24,83,27,21,8.5,Sorghum,131,65625,3144,Medium,Medium,3
1099,57,24,68,21,22,6.1,Sorghum,111,62643,2664,High,Low,3
1375,99,30,68,29,24,7.2,Barley,121,136125,3630,Very High,Low,0
1182,77,25,60,22,21,10.2,Corn,103,91014,2575,High,High,1
589,77,26,61,26,16,11.1,Sorghum,103,45353,2678,Low,High,3
1357,86,33,87,20,21,7.5,Corn,128,116702,4224,Very High,Low,1
1086,90,30,75,26,19,5.6,Corn,120,97740,3600,High,Low,1
1357,85,32,88,28,13,8.9,Soybean,129,115345,4128,Very High,Medium,4
962,76,21,60,29,19,7.3,Sorghum,108,73112,2268,High,Low,3
1275,66,26,69,29,17,7.2,Sorghum,115,84150,2990,Very High,Low,3
966,58,39,77,23,18,14.6,Soybean,118,56028,4602,High,Very High,4
643,82,23,85,17,16,11.2,Barley,118,52726,2714,Medium,High,0
1231,69,27,87,24,14,10.6,Soybean,125,84939,3375,Very High,High,4
904,62,39,67,18,17,9.2,Sorghum,102,56048,3978,High,Medium,3
530,77,38,80,27,13,9.3,Sorghum,120,40810,4560,Low,Medium,3
884,97,32,87,20,11,10.4,Barley,118,85748,3776,Medium,High,0
1218,78,33,70,22,20,12.0,Soybean,112,95004,3696,Very High,High,4
1046,62,29,82,19,24,12.0,Wheat,125,64852,3625,High,High,5
420,95,30,61,17,21,6.7,Wheat,99,39900,2970,Low,Low,5
1240,84,21,67,20,15,10.0,Barley,102,104160,2142,Very High,Medium,0
566,55,28,86,18,18,9.1,Soybean,122,31130,3416,Low,Medium,4
673,67,36,81,23,10,13.7,Soybean,114,45091,4104,Medium,Very High,4
787,54,22,67,27,20,11.3,Corn,114,42498,2508,Medium,High,1
1000,96,25,76,17,19,10.3,Sorghum,112,96000,2800,High,High,3
715,74,24,74,18,21,6.2,Rice,113,52910,2712,Medium,Low,2
413,51,24,76,21,16,11.1,Barley,113,21063,2712,Low,High,0
641,59,34,87,21,19,6.2,Rice,127,37819,4318,Medium,Low,2
1176,79,36,82,26,18,8.4,Rice,126,92904,4536,High,Medium,2
745,99,28,83,26,19,6.4,Barley,128,73755,3584,Medium,Low,0
964,94,22,72,18,18,11.9,Soybean,108,90616,2376,High,High,4
1297,54,39,78,20,19,7.1,Barley,117,70038,4563,Very High,Low,0
739,82,36,64,26,20,8.9,Rice,110,60598,3960,Medium,Medium,2
491,50,29,71,27,22,14.0,Sorghum,120,24550,3480,Low,Very High,3
766,67,22,60,17,12,7.0,Sorghum,89,51322,1958,Medium,Low,3
1355,81,37,82,20,20,10.1,Sorghum,122,109755,4514,Very High,High,3
854,96,37,64,26,22,9.2,Soybean,112,81984,4144,Medium,Medium,4
827,98,36,67,16,14,5.2,Wheat,97,81046,3492,Medium,Low,5
908,60,22,72,22,17,12.9,Barley,111,54480,2442,High,Very High,0
1175,70,22,67,16,17,5.7,Sorghum,100,82250,2200,High,Low,3
1342,75,25,84,25,13,9.7,Barley,122,100650,3050,Very High,Medium,0
434,74,32,82,21,24,10.6,Sorghum,127,32116,4064,Low,High,3
605,71,34,70,23,24,11.3,Soybean,117,42955,3978,Medium,High,4
480,76,28,60,15,21,11.9,Wheat,96,36480,2688,Low,High,5
1331,98,23,72,22,20,7.5,Wheat,114,130438,2622,Very High,Low,5
961,62,33,78,21,20,5.1,Sorghum,119,59582,3927,High,Low,3
1271,82,24,83,20,10,12.2,Soybean,113,104222,2712,Very High,Very High,4
787,83,21,62,20,10,10.4,Corn,92,65321,1932,Medium,High,1
401,90,30,83,20,24,13.4,Barley,127,36090,3810,Low,Very High,0
789,84,28,76,23,13,13.2,Barley,112,66276,3136,Medium,Very High,0
965,50,22,64,16,15,13.4,Rice,95,48250,2090,High,Very High,2
505,70,28,79,15,17,9.9,Soybean,111,35350,3108,Low,Medium,4
1171,97,22,80,27,15,8.3,Rice,122,113587,2684,High,Medium,2
1221,55,21,67,26,21,12.9,Sorghum,114,67155,2394,Very High,Very High,3
876,77,31,85,20,18,9.5,Rice,123,67452,3813,Medium,Medium,2
1102,66,29,73,24,24,6.8,Wheat,121,72732,3509,High,Low,5
801,54,28,63,25,24,13.5,Barley,112,43254,3136,Medium,Very High,0
1129,80,34,70,22,18,13.8,Rice,110,90320,3740,High,Very High,2
955,54,27,79,17,23,9.7,Wheat,119,51570,3213,High,Medium,5
561,87,24,74,26,11,5.8,Soybean,111,48807,2664,Low,Low,4
601,52,30,78,24,19,8.9,Rice,121,31252,3630,Medium,Medium,2
1357,72,21,66,15,10,13.0,Sorghum,91,97704,1911,Very High,Very High,3
1395,86,34,78,23,11,14.0,Sorghum,112,119970,3808,Very High,Very High,3
669,86,25,87,27,14,7.0,Sorghum,128,57534,3200,Medium,Low,3
1262,59,27,78,27,13,5.7,Barley,118,74458,3186,Very High,Low,0
1215,59,24,70,15,13,13.8,Rice,98,71685,2352,Very High,Very High,2
670,68,35,85,17,18,8.9,Soybean,120,45560,4200,Medium,Medium,4
855,66,37,64,22,20,10.4,Rice,106,56430,3922,Medium,High,2
861,70,25,64,28,17,14.7,Barley,109,60270,2725,Medium,Very High,0
1126,63,24,89,17,15,5.7,Wheat,121,70938,2904,High,Low,5
651,58,35,81,27,10,11.5,Barley,118,37758,4130,Medium,High,0
1101,95,32,67,18,11,5.7,Sorghum,96,104595,3072,High,Low,3
695,50,24,69,22,15,8.8,Wheat,106,34750,2544,Medium,Medium,5
1124,94,32,65,15,20,13.0,Sorghum,100,105656,3200,High,Very High,3
1119,62,36,74,27,11,9.3,Corn,112,69378,4032,High,Medium,1
1148,53,37,75,27,24,15.0,Barley,126,60844,4662,High,Very High,0
737,50,27,87,20,22,10.6,Barley,129,36850,3483,Medium,High,0
1278,98,32,76,15,19,8.2,Soybean,110,125244,3520,Very High,Medium,4
452,89,38,67,28,14,7.2,Rice,109,40228,4142,Low,Low,2
1191,81,22,67,15,23,8.5,Wheat,105,96471,2310,High,Medium,5
1321,83,27,84,28,14,8.7,Wheat,126,109643,3402,Very High,Medium,5
616,77,21,68,22,15,5.7,Soybean,105,47432,2205,Medium,Low,4
1163,80,27,61,25,15,8.7,Soybean,101,93040,2727,High,Medium,4
587,57,32,74,18,23,9.6,Rice,115,33459,3680,Low,Medium,2
779,88,32,77,26,15,12.2,Sorghum,118,68552,3776,Medium,Very High,3
892,75,20,62,15,23,11.6,Rice,100,66900,2000,Medium,High,2
440,83,25,76,24,11,12.1,Barley,111,36520,2775,Low,Very High,0
556,52,38,63,21,23,5.1,Sorghum,107,28912,4066,Low,Low,3
414,99,35,89,19,19,7.2,Corn,127,40986,4445,Low,Low,1
1212,61,27,63,19,23,11.6,Rice,105,73932,2835,Very High,High,2
464,50,20,73,15,22,9.8,Soybean,110,23200,2200,Low,Medium,4
1256,93,35,68,28,24,5.1,Sorghum,120,116808,4200,Very High,Low,3
1238,54,28,68,24,23,13.0,Rice,115,66852,3220,Very High,Very High,2
920,79,32,84,25,12,12.7,Wheat,121,72680,3872,High,Very High,5
743,79,30,85,20,23,10.5,Corn,128,58697,3840,Medium,High,1
528,66,32,82,28,15,5.7,Barley,125,34848,4000,Low,Low,0
1047,97,29,89,23,22,12.7,Wheat,134,101559,3886,High,Very High,5
871,96,23,77,23,17,10.8,Wheat,117,83616,2691,Medium,High,5
462,72,25,69,22,21,12.8,Corn,112,33264,2800,Low,Very High,1
538,64,26,80,19,22,12.5,Barley,121,34432,3146,Low,Very High,0
898,86,24,63,15,20,13.0,Soybean,98,77228,2352,Medium,Very High,4
992,70,30,71,23,21,10.2,Sorghum,115,69440,3450,High,High,3
791,63,32,86,15,10,6.4,Barley,111,49833,3552,Medium,Low,0
1074,51,38,67,22,10,11.7,Rice,99,54774,3762,High,High,2
818,60,29,61,19,20,11.2,Wheat,100,49080,2900,Medium,High,5
688,88,29,81,17,22,12.4,Rice,120,60544,3480,Medium,Very High,2
778,87,30,72,25,11,6.7,Soybean,108,67686,3240,Medium,Low,4
1172,83,26,80,21,20,6.9,Rice,121,97276,3146,High,Low,2
889,87,37,75,21,24,13.9,Barley,120,77343,4440,Medium,Very High,0
630,99,23,87,23,21,12.5,Rice,131,62370,3013,Medium,Very High,2
440,83,21,61,21,21,14.1,Soybean,103,36520,2163,Low,Very High,4
427,67,33,70,27,15,12.6,Soybean,112,28609,3696,Low,Very High,4
534,79,32,69,25,18,11.0,Soybean,112,42186,3584,Low,High,4
600,64,31,74,28,13,11.5,Barley,115,38400,3565,Low,High,0
1239,76,26,76,17,12,13.9,Soybean,105,94164,2730,Very High,Very High,4
1179,83,21,67,25,21,10.8,Wheat,113,97857,2373,High,High,5
1329,87,32,77,27,17,11.3,Soybean,121,115623,3872,Very High,High,4
432,82,33,82,29,20,6.6,Rice,131,35424,4323,Low,Low,2
447,73,36,68,28,19,9.7,Sorghum,115,32631,4140,Low,Medium,3
902,64,28,84,27,23,12.2,Rice,134,57728,3752,High,Very High,2
806,79,36,67,15,18,7.7,Sorghum,100,63674,3600,Medium,Low,3
973,91,27,86,22,21,7.0,Rice,129,88543,3483,High,Low,2
1127,66,21,73,26,20,8.1,Barley,119,74382,2499,High,Medium,0
1204,54,32,87,17,14,7.4,Rice,118,65016,3776,Very High,Low,2
498,78,22,85,26,18,7.1,Barley,129,38844,2838,Low,Low,0
1083,53,35,84,22,11,9.2,Barley,117,57399,4095,High,Medium,0
1271,59,25,77,22,12,14.1,Soybean,111,74989,2775,Very High,Very High,4
1125,66,38,81,27,16,10.1,Wheat,124,74250,4712,High,High,5
1386,59,26,79,19,16,6.9,Sorghum,114,81774,2964,Very High,Low,3
946,66,29,89,27,15,5.8,Soybean,131,62436,3799,High,Low,4
1360,69,28,79,26,15,12.0,Soybean,120,93840,3360,Very High,High,4
1138,73,21,80,27,11,8.8,Barley,118,83074,2478,High,Medium,0
1012,54,34,71,15,19,13.2,Barley,105,54648,3570,High,Very High,0
1342,83,24,78,27,15,11.6,Sorghum,120,111386,2880,Very High,High,3
861,55,23,73,24,13,13.0,Rice,110,47355,2530,Medium,Very High,2
1042,51,39,76,21,21,7.7,Rice,118,53142,4602,High,Low,2
1168,62,23,83,26,12,11.9,Soybean,121,72416,2783,High,High,4
404,92,37,80,24,22,7.6,Corn,126,37168,4662,Low,Low,1
617,92,23,62,19,20,14.4,Corn,101,56764,2323,Medium,Very High,1
902,97,36,85,22,22,11.4,Rice,129,87494,4644,High,High,2
1166,60,31,89,23,11,8.2,Corn,123,69960,3813,High,Medium,1
797,96,36,82,25,10,7.7,Rice,117,76512,4212,Medium,Low,2
1270,72,29,66,28,20,6.9,Barley,114,91440,3306,Very High,Low,0
1194,65,20,76,21,20,11.9,Soybean,117,77610,2340,High,High,4
792,80,37,71,28,14,7.2,Wheat,113,63360,4181,Medium,Low,5
606,60,37,68,27,11,11.0,Soybean,106,36360,3922,Medium,High,4
414,65,33,74,29,11,7.6,Rice,114,26910,3762,Low,Low,2
1257,57,34,77,21,16,11.6,Rice,114,71649,3876,Very High,High,2
953,53,31,80,15,17,13.1,Soybean,112,50509,3472,High,Very High,4
1291,89,23,72,29,22,12.8,Sorghum,123,114899,2829,Very High,Very High,3
860,53,22,89,18,19,12.6,Rice,126,45580,2772,Medium,Very High,2
1090,74,39,80,16,17,6.9,Corn,113,80660,4407,High,Low,1
974,52,31,89,16,23,5.9,Corn,128,50648,3968,High,Low,1
1263,81,26,67,16,13,12.0,Rice,96,102303,2496,Very High,High,2
1142,52,30,73,18,24,8.7,Rice,115,59384,3450,High,Medium,2
640,76,20,67,28,23,9.3,Sorghum,118,48640,2360,Medium,Medium,3
963,78,25,73,15,10,5.3,Corn,98,75114,2450,High,Low,1
495,81,34,66,29,20,7.6,Rice,115,40095,3910,Low,Low,2
1299,99,34,82,18,16,5.3,Rice,116,128601,3944,Very High,Low,2
1133,68,38,71,16,10,13.8,Sorghum,97,77044,3686,High,Very High,3
884,70,30,70,19,20,7.4,Sorghum,109,61880,3270,Medium,Low,3
806,54,21,81,17,13,10.6,Soybean,111,43524,2331,Medium,High,4
630,67,33,81,29,17,5.4,Sorghum,127,42210,4191,Medium,Low,3
1148,77,21,70,26,11,11.7,Wheat,107,88396,2247,High,High,5
1054,91,23,84,22,15,8.2,Corn,121,95914,2783,High,Medium,1
570,71,36,81,18,22,14.0,Soybean,121,40470,4356,Low,Very High,4
940,70,22,87,15,15,13.9,Wheat,117,65800,2574,High,Very High,5
435,55,32,88,15,21,8.3,Rice,124,23925,3968,Low,Medium,2
924,50,28,72,26,18,14.0,Rice,116,46200,3248,High,Very High,2
559,54,26,77,24,14,15.0,Soybean,115,30186,2990,Low,Very High,4
1238,90,34,61,17,19,13.3,Sorghum,97,111420,3298,Very High,Very High,3
1098,61,30,88,29,13,13.4,Rice,130,66978,3900,High,Very High,2
642,75,39,80,23,14,7.5,Barley,117,48150,4563,Medium,Low,0
485,95,21,74,21,21,10.8,Soybean,116,46075,2436,Low,High,4
1195,83,34,79,16,21,5.7,Wheat,116,99185,3944,High,Low,5
977,98,33,86,29,19,5.9,Soybean,134,95746,4422,High,Low,4
1081,63,39,77,27,24,15.0,Corn,128,68103,4992,High,Very High,1
956,75,30,74,23,20,8.3,Sorghum,117,71700,3510,High,Medium,3
973,94,22,78,24,14,12.5,Sorghum,116,91462,2552,High,Very High,3
1352,76,36,82,16,17,13.1,Soybean,115,102752,4140,Very High,Very High,4
1045,58,31,83,17,19,13.6,Rice,119,60610,3689,High,Very High,2
1195,75,34,71,25,21,15.0,Rice,117,89625,3978,High,Very High,2
427,96,35,72,27,17,7.4,Barley,116,40992,4060,Low,Low,0
1019,71,24,81,24,11,5.4,Barley,116,72349,2784,High,Low,0
955,96,39,70,28,16,9.1,Sorghum,114,91680,4446,High,Medium,3
739,79,25,64,16,17,6.3,Barley,97,58381,2425,Medium,Low,0
1197,92,38,88,17,20,5.2,Wheat,125,110124,4750,High,Low,5
1357,97,24,60,20,15,8.6,Barley,95,131629,2280,Very High,Medium,0
730,66,22,83,23,14,12.8,Wheat,120,48180,2640,Medium,Very High,5
1039,75,20,62,23,20,10.7,Barley,105,77925,2100,High,High,0
905,85,25,81,21,18,8.1,Sorghum,120,76925,3000,High,Medium,3
747,50,34,78,26,22,11.5,Sorghum,126,37350,4284,Medium,High,3
872,57,21,82,17,12,7.3,Wheat,111,49704,2331,Medium,Low,5
630,98,22,88,18,21,5.1,Soybean,127,61740,2794,Medium,Low,4
589,84,36,89,20,22,12.6,Sorghum,131,49476,4716,Low,Very High,3
624,64,31,66,25,22,11.2,Soybean,113,39936,3503,Medium,High,4
784,96,37,71,19,19,12.6,Rice,109,75264,4033,Medium,Very High,2
776,71,34,74,16,13,5.4,Wheat,103,55096,3502,Medium,Low,5
682,63,31,84,27,18,13.4,Sorghum,129,42966,3999,Medium,Very High,3
1357,75,35,64,20,15,11.2,Corn,99,101775,3465,Very High,High,1
1032,77,27,74,17,17,10.6,Rice,108,79464,2916,High,High,2
1027,72,33,67,28,16,11.2,Soybean,111,73944,3663,High,High,4
1372,63,36,69,22,20,13.6,Sorghum,111,86436,3996,Very High,Very High,3
1144,73,27,85,16,11,10.9,Wheat,112,83512,3024,High,High,5
658,51,34,75,15,12,10.8,Barley,102,33558,3468,Medium,High,0
758,94,33,67,23,10,14.9,Corn,100,71252,3300,Medium,Very High,1
1109,75,37,60,28,18,12.6,Soybean,106,83175,3922,High,Very High,4
855,63,39,71,26,22,9.4,Rice,119,53865,4641,Medium,Medium,2
810,56,26,64,17,16,12.1,Wheat,97,45360,2522,Medium,Very High,5
1048,52,22,62,25,10,8.9,Corn,97,54496,2134,High,Medium,1
717,96,31,60,15,12,7.3,Wheat,87,68832,2697,Medium,Low,5
1076,72,22,63,21,13,11.0,Sorghum,97,77472,2134,High,High,3
624,95,39,67,27,13,14.3,Barley,107,59280,4173,Medium,Very High,0
1218,92,33,62,29,14,14.3,Rice,105,112056,3465,Very High,Very High,2
633,96,34,69,24,23,8.4,Wheat,116,60768,3944,Medium,Medium,5
1083,94,33,61,19,12,10.3,Soybean,92,101802,3036,High,High,4
1063,67,26,70,19,12,7.1,Sorghum,101,71221,2626,High,Low,3
1374,87,36,84,28,10,15.0,Sorghum,122,119538,4392,Very High,Very High,3
1226,84,31,69,15,16,14.8,Rice,100,102984,3100,Very High,Very High,2
773,64,39,80,29,20,11.5,Sorghum,129,49472,5031,Medium,High,3
1071,74,23,73,29,19,13.0,Soybean,121,79254,2783,High,Very High,4
1007,86,28,66,23,23,12.2,Wheat,112,86602,3136,High,Very High,5
871,77,25,86,21,10,10.9,Rice,117,67067,2925,Medium,High,2
632,59,35,86,22,11,5.5,Sorghum,119,37288,4165,Medium,Low,3
1091,88,21,61,23,22,9.5,Sorghum,106,96008,2226,High,Medium,3
512,66,27,68,20,13,11.7,Soybean,101,33792,2727,Low,High,4
1229,88,30,75,26,22,11.8,Barley,123,108152,3690,Very High,High,0
896,71,32,72,19,13,8.7,Barley,104,63616,3328,Medium,Medium,0
841,75,36,68,20,14,14.4,Sorghum,102,63075,3672,Medium,Very High,3
963,93,27,79,25,20,6.7,Wheat,124,89559,3348,High,Low,5
667,74,37,63,16,11,10.0,Rice,90,49358,3330,Medium,Medium,2
909,66,37,81,18,13,11.9,Sorghum,112,59994,4144,High,High,3
1206,62,33,69,17,10,12.0,Corn,96,74772,3168,Very High,High,1
785,69,34,85,27,11,11.5,Rice,123,54165,4182,Medium,High,2
786,74,25,85,21,10,7.8,Barley,116,58164,2900,Medium,Low,0
512,53,30,81,23,19,6.6,Sorghum,123,27136,3690,Low,Low,3
1012,59,32,71,19,19,11.4,Soybean,109,59708,3488,High,High,4
1024,52,20,76,20,22,11.0,Corn,118,53248,2360,High,High,1
1351,90,25,73,24,13,6.8,Sorghum,110,121590,2750,Very High,Low,3
480,94,28,73,28,13,12.1,Wheat,114,45120,3192,Low,Very High,5
1098,67,27,84,26,16,9.6,Corn,126,73566,3402,High,Medium,1
512,96,30,61,26,19,11.7,Sorghum,106,49152,3180,Low,High,3
401,85,38,80,16,20,13.4,Wheat,116,34085,4408,Low,Very High,5
1041,96,28,84,17,20,6.7,Corn,121,99936,3388,High,Low,1
619,71,36,79,17,18,5.2,Wheat,114,43949,4104,Medium,Low,5
965,83,31,70,26,18,12.8,Wheat,114,80095,3534,High,Very High,5
1254,96,33,75,26,14,11.1,Corn,115,120384,3795,Very High,High,1
1396,57,34,78,29,19,12.0,Corn,126,79572,4284,Very High,High,1
1135,89,35,82,23,10,13.4,Wheat,115,101015,4025,High,Very High,5
624,98,39,65,29,10,13.0,Barley,104,61152,4056,Medium,Very High,0
784,93,20,83,21,15,14.6,Corn,119,72912,2380,Medium,Very High,1
802,68,29,78,22,11,10.4,Sorghum,111,54536,3219,Medium,High,3
1037,91,27,64,25,17,9.9,Rice,106,94367,2862,High,Medium,2
529,90,37,85,24,22,9.0,Soybean,131,47610,4847,Low,Medium,4
452,86,20,63,25,18,6.5,Wheat,106,38872,2120,Low,Low,5
1083,55,21,74,23,22,10.7,Wheat,119,59565,2499,High,High,5
1129,75,20,88,20,13,7.8,Soybean,121,84675,2420,High,Low,4
1071,83,20,63,18,14,14.2,Barley,95,88893,1900,High,Very High,0
1109,94,28,79,26,20,10.8,Soybean,125,104246,3500,High,High,4
815,55,32,69,15,17,10.9,Corn,101,44825,3232,Medium,High,1
646,86,20,83,22,12,8.5,Soybean,117,55556,2340,Medium,Medium,4
1235,82,32,81,21,14,5.5,Wheat,116,101270,3712,Very High,Low,5
838,71,39,62,16,12,5.3,Soybean,90,59498,3510,Medium,Low,4
602,70,26,85,22,21,9.2,Rice,128,42140,3328,Medium,Medium,2
583,55,21,64,26,19,5.8,Sorghum,109,32065,2289,Low,Low,3
522,55,25,65,19,12,11.1,Corn,96,28710,2400,Low,High,1
800,97,26,80,21,12,13.8,Soybean,113,77600,2938,Medium,Very High,4
1166,53,33,81,18,22,13.8,Wheat,121,61798,3993,High,Very High,5
693,79,37,67,19,21,11.6,Sorghum,107,54747,3959,Medium,High,3
679,60,34,66,22,16,7.1,Corn,104,40740,3536,Medium,Low,1
1236,79,21,80,15,24,13.6,Wheat,119,97644,2499,Very High,Very High,5
1283,80,29,69,15,16,13.9,Barley,100,102640,2900,Very High,Very High,0
1009,73,31,65,29,16,7.0,Rice,110,73657,3410,High,Low,2
597,58,36,73,18,19,12.4,Barley,110,34626,3960,Low,Very High,0
1381,52,27,63,17,17,7.9,Rice,97,71812,2619,Very High,Low,2
1306,80,30,87,27,14,13.0,Soybean,128,104480,3840,Very High,Very High,4
910,89,22,84,24,14,15.0,Corn,122,80990,2684,High,Very High,1
1151,86,25,72,26,23,5.3,Soybean,121,98986,3025,High,Low,4
543,85,28,79,16,13,14.0,Rice,108,46155,3024,Low,Very High,2
1008,73,25,76,26,16,11.2,Rice,118,73584,2950,High,High,2
600,80,28,82,17,19,14.7,Rice,118,48000,3304,Low,Very High,2
523,55,26,66,25,13,9.7,Sorghum,104,28765,2704,Low,Medium,3
586,51,28,63,29,24,13.5,Wheat,116,29886,3248,Low,Very High,5
725,69,37,88,29,11,5.6,Corn,128,50025,4736,Medium,Low,1
863,77,31,73,25,13,8.4,Soybean,111,66451,3441,Medium,Medium,4
748,60,27,62,28,22,5.7,Soybean,112,44880,3024,Medium,Low,4
1170,53,27,83,25,22,14.8,Barley,130,62010,3510,High,Very High,0
1059,64,37,64,15,17,13.2,Rice,96,67776,3552,High,Very High,2
1163,55,39,75,15,18,13.5,Rice,108,63965,4212,High,Very High,2
1354,98,34,85,20,12,14.4,Rice,117,132692,3978,Very High,Very High,2
1331,79,26,82,19,16,5.9,Soybean,117,105149,3042,Very High,Low,4
802,87,30,79,22,23,8.9,Barley,124,69774,3720,Medium,Medium,0
745,51,39,63,16,21,5.7,Wheat,100,37995,3900,Medium,Low,5
1362,64,35,83,18,23,7.1,Sorghum,124,87168,4340,Very High,Low,3
910,60,23,89,22,18,7.3,Corn,129,54600,2967,High,Low,1
546,57,25,83,26,20,9.7,Wheat,129,31122,3225,Low,Medium,5
547,75,22,61,20,13,7.7,Soybean,94,41025,2068,Low,Low,4
1263,94,28,89,15,19,6.0,Sorghum,123,118722,3444,Very High,Low,3
1110,93,29,77,29,24,6.7,Sorghum,130,103230,3770,High,Low,3
1219,54,33,78,18,12,6.5,Sorghum,108,65826,3564,Very High,Low,3
888,55,30,87,15,14,14.7,Rice,116,48840,3480,Medium,Very High,2
1328,75,37,87,27,10,12.6,Corn,124,99600,4588,Very High,Very High,1
1335,53,31,78,16,12,14.7,Soybean,106,70755,3286,Very High,Very High,4
1039,68,31,76,19,24,9.4,Soybean,119,70652,3689,High,Medium,4
950,69,32,73,28,17,7.8,Sorghum,118,65550,3776,High,Low,3
737,82,32,78,22,20,13.0,Soybean,120,60434,3840,Medium,Very High,4
1271,69,38,81,22,17,8.3,Corn,120,87699,4560,Very High,Medium,1
1040,98,38,83,25,24,8.0,Corn,132,101920,5016,High,Low,1
1178,61,33,72,17,22,7.3,Barley,111,71858,3663,High,Low,0
1387,96,23,71,25,13,6.3,Barley,109,133152,2507,Very High,Low,0
1352,50,32,89,27,11,7.6,Wheat,127,67600,4064,Very High,Low,5
872,75,27,85,18,22,8.6,Corn,125,65400,3375,Medium,Medium,1
1345,63,38,65,24,17,11.7,Corn,106,84735,4028,Very High,High,1
550,87,31,80,25,17,5.6,Corn,122,47850,3782,Low,Low,1
814,86,37,63,28,19,7.1,Barley,110,70004,4070,Medium,Low,0
1389,60,25,78,20,13,13.1,Sorghum,111,83340,2775,Very High,Very High,3
697,85,37,75,25,12,6.5,Sorghum,112,59245,4144,Medium,Low,3
1010,62,38,72,25,11,8.4,Soybean,108,62620,4104,High,Medium,4
662,92,24,63,24,18,13.6,Sorghum,105,60904,2520,Medium,Very High,3
1163,52,28,89,17,10,6.5,Rice,116,60476,3248,High,Low,2
543,82,22,82,16,16,5.8,Barley,114,44526,2508,Low,Low,0
745,55,29,76,20,14,9.8,Corn,110,40975,3190,Medium,Medium,1
1023,99,38,82,25,17,8.0,Sorghum,124,101277,4712,High,Low,3
971,59,22,60,27,13,10.6,Barley,100,57289,2200,High,High,0
1280,54,34,77,29,16,13.0,Sorghum,122,69120,4148,Very High,Very High,3
401,72,20,79,19,22,6.4,Wheat,120,28872,2400,Low,Low,5
1296,59,26,76,28,14,10.8,Corn,118,76464,3068,Very High,High,1
703,93,31,86,24,24,10.1,Wheat,134,65379,4154,Medium,High,5
653,51,36,87,19,23,6.4,Corn,129,33303,4644,Medium,Low,1
1051,62,39,86,24,14,11.2,Barley,124,65162,4836,High,High,0
852,89,24,74,27,23,7.7,Soybean,124,75828,2976,Medium,Low,4
436,51,23,70,19,18,9.9,Sorghum,107,22236,2461,Low,Medium,3
559,69,31,84,24,18,5.8,Sorghum,126,38571,3906,Low,Low,3
408,50,39,87,26,22,9.6,Rice,135,20400,5265,Low,Medium,2
632,86,37,81,19,18,8.1,Wheat,118,54352,4366,Medium,Medium,5
498,58,36,72,17,21,13.2,Sorghum,110,28884,3960,Low,Very High,3
1058,66,38,60,21,15,5.6,Barley,96,69828,3648,High,Low,0
1215,58,28,76,20,15,9.2,Soybean,111,70470,3108,Very High,Medium,4
607,60,23,65,18,14,9.6,Barley,97,36420,2231,Medium,Medium,0
530,64,21,63,16,18,12.3,Wheat,97,33920,2037,Low,Very High,5
803,73,23,79,26,19,10.7,Rice,124,58619,2852,Medium,High,2
551,87,21,75,23,17,11.7,Sorghum,115,47937,2415,Low,High,3
453,84,34,74,15,16,12.8,Barley,105,38052,3570,Low,Very High,0
519,79,21,86,27,16,13.6,Corn,129,41001,2709,Low,Very High,1
1072,80,23,74,27,15,8.1,Soybean,116,85760,2668,High,Medium,4
1319,98,25,65,25,14,10.4,Barley,104,129262,2600,Very High,High,0
1027,54,26,74,29,22,13.4,Soybean,125,55458,3250,High,Very High,4
986,93,29,73,28,13,14.9,Sorghum,114,91698,3306,High,Very High,3
1024,99,38,87,18,12,13.9,Corn,117,101376,4446,High,Very High,1
1367,63,38,70,15,12,8.7,Rice,97,86121,3686,Very High,Medium,2
819,60,31,66,27,15,7.0,Rice,108,49140,3348,Medium,Low,2
821,58,22,68,20,24,9.9,Corn,112,47618,2464,Medium,Medium,1
503,83,32,85,18,13,12.4,Soybean,116,41749,3712,Low,Very High,4
1251,61,37,75,19,21,9.9,Sorghum,115,76311,4255,Very High,Medium,3
653,84,27,64,19,21,9.8,Barley,104,54852,2808,Medium,Medium,0
626,84,34,84,23,15,13.4,Corn,122,52584,4148,Medium,Very High,1
511,50,20,79,15,12,8.6,Wheat,106,25550,2120,Low,Medium,5
909,89,22,88,27,24,13.6,Soybean,139,80901,3058,High,Very High,4
872,71,27,69,16,13,9.1,Rice,98,61912,2646,Medium,Medium,2
498,78,23,77,27,24,8.3,Corn,128,38844,2944,Low,Medium,1
552,57,35,62,20,18,9.5,Rice,100,31464,3500,Low,Medium,2
1260,60,29,72,19,14,12.6,Soybean,105,75600,3045,Very High,Very High,4
1313,90,31,70,25,22,6.3,Rice,117,118170,3627,Very High,Low,2
1295,86,33,76,21,16,7.0,Corn,113,111370,3729,Very High,Low,1
1277,63,33,89,17,19,14.5,Soybean,125,80451,4125,Very High,Very High,4
737,79,21,89,17,11,6.8,Wheat,117,58223,2457,Medium,Low,5
1105,84,24,81,24,23,10.7,Corn,128,92820,3072,High,High,1
1221,70,24,72,16,23,10.8,Barley,111,85470,2664,Very High,High,0
562,86,25,65,27,14,9.9,Sorghum,106,48332,2650,Low,Medium,3
1119,54,32,76,17,18,11.4,Corn,111,60426,3552,High,High,1
1356,68,28,86,24,20,7.3,Soybean,130,92208,3640,Very High,Low,4
1080,63,34,72,15,12,10.5,Sorghum,99,68040,3366,High,High,3
1395,75,33,78,19,23,8.7,Corn,120,104625,3960,Very High,Medium,1
560,53,26,80,28,18,11.6,Wheat,126,29680,3276,Low,High,5
979,74,39,78,29,23,6.4,Wheat,130,72446,5070,High,Low,5
1200,94,21,69,26,20,10.7,Barley,115,112800,2415,High,High,0
797,91,26,62,19,24,6.9,Rice,105,72527,2730,Medium,Low,2
676,74,25,73,26,15,7.8,Sorghum,114,50024,2850,Medium,Low,3
1215,67,36,85,25,13,7.2,Soybean,123,81405,4428,Very High,Low,4
1315,89,21,78,21,16,6.8,Soybean,115,117035,2415,Very High,Low,4
903,57,22,64,18,17,13.3,Rice,99,51471,2178,High,Very High,2
1295,88,24,88,17,15,7.9,Wheat,120,113960,2880,Very High,Low,5
791,89,24,64,15,14,14.3,Wheat,93,70399,2232,Medium,Very High,5
534,63,20,79,26,15,14.7,Corn,120,33642,2400,Low,Very High,1
594,81,27,76,29,14,10.7,Barley,119,48114,3213,Low,High,0
800,87,31,80,22,17,6.4,Sorghum,119,69600,3689,Medium,Low,3
1039,82,23,69,27,10,8.7,Barley,106,85198,2438,High,Medium,0
432,72,32,64,17,20,13.0,Barley,101,31104,3232,Low,Very High,0
1087,64,34,63,27,16,8.7,Corn,106,69568,3604,High,Medium,1
859,82,30,65,29,24,5.9,Barley,118,70438,3540,Medium,Low,0
1354,74,29,85,16,19,10.6,Rice,120,100196,3480,Very High,High,2
1282,66,22,63,25,19,13.5,Corn,107,84612,2354,Very High,Very High,1
869,82,33,89,18,20,13.0,Rice,127,71258,4191,Medium,Very High,2
774,96,35,66,17,11,6.8,Corn,94,74304,3290,Medium,Low,1
421,51,29,66,27,24,11.7,Barley,117,21471,3393,Low,High,0
1149,63,29,77,15,23,7.2,Rice,115,72387,3335,High,Low,2
1069,89,31,62,17,18,7.2,Rice,97,95141,3007,High,Low,2
437,89,28,60,26,10,13.7,Rice,96,38893,2688,Low,Very High,2
629,88,20,83,16,20,7.5,Corn,119,55352,2380,Medium,Low,1
764,55,24,84,22,19,7.6,Soybean,125,42020,3000,Medium,Low,4
962,55,39,63,20,15,5.0,Barley,98,52910,3822,High,Low,0
837,52,27,65,23,18,13.7,Rice,106,43524,2862,Medium,Very High,2
1175,56,30,68,22,10,12.9,Sorghum,100,65800,3000,High,Very High,3
682,57,31,81,24,13,11.3,Soybean,118,38874,3658,Medium,High,4
426,91,20,73,17,13,12.5,Sorghum,103,38766,2060,Low,Very High,3
625,64,39,87,19,24,6.5,Barley,130,40000,5070,Medium,Low,0
676,96,30,71,21,18,9.6,Barley,110,64896,3300,Medium,Medium,0
1197,78,24,87,19,20,8.5,Rice,126,93366,3024,High,Medium,2
1008,82,34,84,22,14,5.9,Rice,120,82656,4080,High,Low,2
683,79,24,79,26,14,9.9,Corn,119,53957,2856,Medium,Medium,1
1278,88,31,83,19,15,14.2,Soybean,117,112464,3627,Very High,Very High,4
1359,76,24,84,15,10,5.4,Soybean,109,103284,2616,Very High,Low,4
880,85,36,63,19,10,7.9,Rice,92,74800,3312,Medium,Low,2
852,78,36,80,18,24,7.1,Barley,122,66456,4392,Medium,Low,0
1228,87,31,89,20,18,7.4,Rice,127,106836,3937,Very High,Low,2
1215,82,34,83,17,12,14.1,Barley,112,99630,3808,Very High,Very High,0
1058,86,34,71,29,13,9.7,Barley,113,90988,3842,High,Medium,0
915,76,25,69,25,10,9.7,Rice,104,69540,2600,High,Medium,2
946,82,31,89,19,18,12.6,Wheat,126,77572,3906,High,Very High,5
591,53,39,81,16,24,6.5,Soybean,121,31323,4719,Low,Low,4
448,71,37,87,25,17,9.9,Sorghum,129,31808,4773,Low,Medium,3
911,51,33,66,20,11,9.3,Barley,97,46461,3201,High,Medium,0
416,59,21,62,27,17,11.0,Barley,106,24544,2226,Low,High,0
571,54,28,82,29,24,15.0,Wheat,135,30834,3780,Low,Very High,5
619,59,24,87,26,16,12.7,Sorghum,129,36521,3096,Medium,Very High,3
557,82,39,73,20,20,9.0,Corn,113,45674,4407,Low,Medium,1
876,87,20,83,19,15,13.3,Wheat,117,76212,2340,Medium,Very High,5
445,62,22,69,20,10,6.7,Sorghum,99,27590,2178,Low,Low,3
772,80,25,75,25,24,5.3,Wheat,124,61760,3100,Medium,Low,5
917,96,24,75,21,16,7.0,Barley,112,88032,2688,High,Low,0
498,85,24,81,26,19,8.4,Soybean,126,42330,3024,Low,Medium,4
1291,94,20,69,19,16,10.1,Wheat,104,121354,2080,Very High,High,5
1144,73,36,84,15,22,11.2,Corn,121,83512,4356,High,High,1
436,64,38,72,22,23,14.1,Rice,117,27904,4446,Low,Very High,2
679,78,33,65,18,18,10.1,Sorghum,101,52962,3333,Medium,High,3
748,57,31,71,23,10,10.0,Wheat,104,42636,3224,Medium,Medium,5
896,54,29,68,28,11,5.5,Wheat,107,48384,3103,Medium,Low,5
701,78,39,72,24,20,5.3,Corn,116,54678,4524,Medium,Low,1
580,96,37,63,26,18,10.5,Soybean,107,55680,3959,Low,High,4
1006,53,30,83,20,22,9.4,Wheat,125,53318,3750,High,Medium,5
498,61,21,70,15,18,13.4,Wheat,103,30378,2163,Low,Very High,5
1099,94,37,79,17,22,6.6,Soybean,118,103306,4366,High,Low,4
1392,51,26,77,17,15,5.2,Corn,109,70992,2834,Very High,Low,1
515,76,34,85,24,15,9.5,Sorghum,124,39140,4216,Low,Medium,3
590,80,30,70,26,13,7.4,Sorghum,109,47200,3270,Low,Low,3
652,85,37,84,26,13,5.5,Wheat,123,55420,4551,Medium,Low,5
1380,85,31,80,18,14,12.2,Soybean,112,117300,3472,Very High,Very High,4
1327,75,25,63,20,12,6.1,Wheat,95,99525,2375,Very High,Low,5
1382,92,39,77,29,10,11.1,Rice,116,127144,4524,Very High,High,2
560,76,32,60,21,24,7.8,Sorghum,105,42560,3360,Low,Low,3
655,54,39,86,24,10,6.7,Barley,120,35370,4680,Medium,Low,0
722,69,35,66,18,21,8.8,Rice,105,49818,3675,Medium,Medium,2
527,60,37,65,20,24,13.0,Wheat,109,31620,4033,Low,Very High,5
417,59,29,74,25,22,8.9,Corn,121,24603,3509,Low,Medium,1
1192,89,27,77,15,16,12.5,Sorghum,108,106088,2916,High,Very High,3
1134,87,37,83,28,10,6.3,Barley,121,98658,4477,High,Low,0
965,55,20,70,22,10,12.7,Rice,102,53075,2040,High,Very High,2
969,57,27,79,21,12,7.4,Sorghum,112,55233,3024,High,Low,3
722,72,25,83,29,19,11.8,Soybean,131,51984,3275,Medium,High,4
1271,96,24,74,25,24,10.7,Corn,123,122016,2952,Very High,High,1
1085,75,34,75,25,13,14.3,Rice,113,81375,3842,High,Very High,2
1191,95,34,66,23,13,8.9,Soybean,102,113145,3468,High,Medium,4
1025,92,21,80,17,11,5.7,Wheat,108,94300,2268,High,Low,5
687,61,20,69,16,10,5.2,Soybean,95,41907,1900,Medium,Low,4
1342,75,30,85,15,12,13.3,Rice,112,100650,3360,Very High,Very High,2
1253,62,29,71,17,20,10.2,Rice,108,77686,3132,Very High,High,2
1062,89,37,83,19,13,12.8,Wheat,115,94518,4255,High,Very High,5
1361,67,37,73,28,12,7.3,Soybean,113,91187,4181,Very High,Low,4
1038,74,36,84,25,17,8.5,Soybean,126,76812,4536,High,Medium,4
554,82,27,64,16,23,5.3,Wheat,103,45428,2781,Low,Low,5
889,96,34,85,26,19,14.6,Soybean,130,85344,4420,Medium,Very High,4
785,89,27,80,17,10,11.7,Sorghum,107,69865,2889,Medium,High,3
1385,92,36,77,29,23,14.3,Wheat,129,127420,4644,Very High,Very High,5
1184,61,31,64,29,11,7.7,Corn,104,72224,3224,High,Low,1
503,93,27,62,29,22,11.1,Rice,113,46779,3051,Low,High,2
1328,85,33,82,18,16,11.8,Corn,116,112880,3828,Very High,High,1
792,97,23,85,21,13,8.2,Sorghum,119,76824,2737,Medium,Medium,3
1210,53,20,64,27,17,13.5,Sorghum,108,64130,2160,Very High,Very High,3
645,54,20,83,17,20,14.5,Barley,120,34830,2400,Medium,Very High,0
575,86,38,76,29,22,13.8,Barley,127,49450,4826,Low,Very High,0
438,57,35,78,23,12,12.4,Barley,113,24966,3955,Low,Very High,0
876,91,33,78,22,15,7.8,Wheat,115,79716,3795,Medium,Low,5
1081,98,35,84,18,18,7.8,Soybean,120,105938,4200,High,Low,4
1158,77,24,80,27,10,14.6,Sorghum,117,89166,2808,High,Very High,3
937,80,28,71,15,10,5.1,Corn,96,74960,2688,High,Low,1
1266,58,21,84,15,17,12.2,Corn,116,73428,2436,Very High,Very High,1
1217,78,37,88,15,12,12.1,Corn,115,94926,4255,Very High,Very High,1
1320,63,25,68,15,14,11.2,Corn,97,83160,2425,Very High,High,1
807,89,28,60,22,10,14.9,Barley,92,71823,2576,Medium,Very High,0
924,90,20,77,17,14,8.1,Corn,108,83160,2160,High,Medium,1
1227,71,28,80,29,20,8.4,Soybean,129,87117,3612,Very High,Medium,4
905,60,35,63,20,15,5.8,Barley,98,54300,3430,High,Low,0
1302,72,32,69,17,17,9.4,Corn,103,93744,3296,Very High,Medium,1
1224,50,28,84,25,22,7.6,Wheat,131,61200,3668,Very High,Low,5
435,95,32,66,19,23,8.4,Rice,108,41325,3456,Low,Medium,2
1084,86,28,81,27,12,13.3,Rice,120,93224,3360,High,Very High,2
419,70,30,82,29,12,14.4,Rice,123,29330,3690,Low,Very High,2
720,75,23,60,28,21,6.9,Barley,109,54000,2507,Medium,Low,0
1175,95,21,76,27,20,8.7,Corn,123,111625,2583,High,Medium,1
911,85,25,83,29,20,14.3,Sorghum,132,77435,3300,High,Very High,3
799,72,33,88,21,19,5.6,Sorghum,128,57528,4224,Medium,Low,3
1053,50,23,88,16,18,5.9,Sorghum,122,52650,2806,High,Low,3
1371,89,25,61,20,13,6.6,Barley,94,122019,2350,Very High,Low,0
1282,64,38,87,27,24,11.0,Soybean,138,82048,5244,Very High,High,4
870,70,25,85,20,13,6.5,Wheat,118,60900,2950,Medium,Low,5
542,96,21,70,25,21,14.7,Wheat,116,52032,2436,Low,Very High,5
491,58,37,68,17,16,9.5,Rice,101,28478,3737,Low,Medium,2
753,58,32,66,20,11,10.0,Rice,97,43674,3104,Medium,Medium,2
1233,59,28,81,24,17,7.5,Sorghum,122,72747,3416,Very High,Low,3
1199,75,38,76,24,15,9.7,Sorghum,115,89925,4370,High,Medium,3
1126,90,32,76,28,12,11.6,Rice,116,101340,3712,High,High,2
1358,84,30,61,19,18,12.5,Corn,98,114072,2940,Very High,Very High,1
1253,74,20,65,26,14,12.5,Soybean,105,92722,2100,Very High,Very High,4
450,75,26,73,16,17,10.8,Soybean,106,33750,2756,Low,High,4
1064,60,34,65,23,16,14.0,Soybean,104,63840,3536,High,Very High,4
1097,87,20,61,22,23,13.2,Soybean,106,95439,2120,High,Very High,4
974,51,31,60,17,17,12.6,Rice,94,49674,2914,High,Very High,2
589,56,26,69,22,16,5.6,Wheat,107,32984,2782,Low,Low,5
524,67,34,80,28,12,5.1,Rice,120,35108,4080,Low,Low,2
549,76,38,64,23,11,7.1,Soybean,98,41724,3724,Low,Low,4
713,83,20,61,28,16,11.6,Rice,105,59179,2100,Medium,High,2
969,76,36,81,29,12,9.1,Soybean,122,73644,4392,High,Medium,4
741,66,36,75,17,12,9.0,Barley,104,48906,3744,Medium,Medium,0
704,92,22,84,17,11,13.8,Sorghum,112,64768,2464,Medium,Very High,3
1091,93,31,61,16,13,14.0,Wheat,90,101463,2790,High,Very High,5
1081,73,25,69,22,17,14.1,Barley,108,78913,2700,High,Very High,0
1237,74,30,61,24,21,8.1,Corn,106,91538,3180,Very High,Medium,1
1182,56,22,75,15,10,11.9,Rice,100,66192,2200,High,High,2
453,55,27,75,22,10,7.7,Corn,107,24915,2889,Low,Low,1
843,73,33,78,21,21,6.9,Rice,120,61539,3960,Medium,Low,2
1012,82,33,88,28,23,6.8,Sorghum,139,82984,4587,High,Low,3
1392,98,29,66,21,14,8.4,Barley,101,136416,2929,Very High,Medium,0
663,78,21,81,17,20,9.3,Sorghum,118,51714,2478,Medium,Medium,3
452,92,33,71,15,14,13.3,Soybean,100,41584,3300,Low,Very High,4
971,71,28,83,18,20,6.2,Sorghum,121,68941,3388,High,Low,3
1019,75,22,74,23,21,12.3,Sorghum,118,76425,2596,High,Very High,3
404,77,27,67,19,10,10.3,Soybean,96,31108,2592,Low,High,4
502,99,35,65,15,15,7.9,Rice,95,49698,3325,Low,Low,2
595,70,21,87,29,10,9.9,Soybean,126,41650,2646,Low,Medium,4
1173,98,25,86,19,14,8.0,Barley,119,114954,2975,High,Low,0
1276,56,31,69,27,18,11.0,Sorghum,114,71456,3534,Very High,High,3
1391,66,24,62,22,21,9.3,Soybean,105,91806,2520,Very High,Medium,4
1283,69,21,78,22,23,6.6,Sorghum,123,88527,2583,Very High,Low,3
749,90,35,76,19,14,6.2,Barley,109,67410,3815,Medium,Low,0
446,98,24,66,26,15,10.5,Corn,107,43708,2568,Low,High,1
1266,69,34,80,23,17,14.0,Barley,120,87354,4080,Very High,Very High,0
1222,71,31,79,29,20,8.4,Wheat,128,86762,3968,Very High,Medium,5
1335,77,23,85,15,10,12.3,Wheat,110,102795,2530,Very High,Very High,5
1219,89,34,63,18,23,11.6,Wheat,104,108491,3536,Very High,High,5
1055,98,30,73,17,11,14.3,Sorghum,101,103390,3030,High,Very High,3
668,56,35,79,16,18,13.2,Rice,113,37408,3955,Medium,Very High,2
769,50,25,81,29,12,10.7,Rice,122,38450,3050,Medium,High,2
1035,81,33,74,22,15,11.6,Rice,111,83835,3663,High,High,2
505,62,37,83,21,14,14.0,Sorghum,118,31310,4366,Low,Very High,3
1069,79,31,67,23,20,9.0,Barley,110,84451,3410,High,Medium,0
1058,72,30,80,16,11,8.3,Rice,107,76176,3210,High,Medium,2
1056,68,32,74,28,23,5.1,Corn,125,71808,4000,High,Low,1
519,81,30,81,28,24,13.3,Wheat,133,42039,3990,Low,Very High,5
1230,79,35,79,18,16,13.0,Barley,113,97170,3955,Very High,Very High,0
1186,78,34,87,28,13,6.0,Wheat,128,92508,4352,High,Low,5
1003,98,34,73,29,10,10.8,Rice,112,98294,3808,High,High,2
457,94,23,86,20,22,9.6,Barley,128,42958,2944,Low,Medium,0
1350,78,30,88,25,13,6.2,Soybean,126,105300,3780,Very High,Low,4
745,79,38,68,17,15,14.8,Corn,100,58855,3800,Medium,Very High,1
1140,65,34,67,22,16,7.1,Rice,105,74100,3570,High,Low,2
873,89,23,85,17,24,5.7,Rice,126,77697,2898,Medium,Low,2
516,68,32,87,28,16,10.9,Corn,131,35088,4192,Low,High,1
1229,67,38,85,26,23,12.4,Corn,134,82343,5092,Very High,Very High,1
1190,50,21,76,27,16,5.3,Soybean,119,59500,2499,High,Low,4
526,63,33,61,27,12,11.6,Rice,100,33138,3300,Low,High,2
792,96,23,84,16,15,10.3,Sorghum,115,76032,2645,Medium,High,3
1307,99,35,83,27,22,6.0,Rice,132,129393,4620,Very High,Low,2
1040,51,39,89,27,17,6.7,Wheat,133,53040,5187,High,Low,5
457,77,33,62,17,13,10.7,Barley,92,35189,3036,Low,High,0
1033,98,34,67,25,22,8.0,Barley,114,101234,3876,High,Low,0
912,99,22,71,20,17,14.4,Wheat,108,90288,2376,High,Very High,5
1150,79,27,60,16,11,13.2,Barley,87,90850,2349,High,Very High,0
1201,87,35,69,22,24,14.8,Corn,115,104487,4025,Very High,Very High,1
495,53,29,79,15,19,7.6,Barley,113,26235,3277,Low,Low,0
1037,50,23,62,21,18,14.7,Barley,101,51850,2323,High,Very High,0
517,57,37,65,16,18,9.3,Wheat,99,29469,3663,Low,Medium,5
959,78,21,66,24,17,8.5,Soybean,107,74802,2247,High,Medium,4
1000,88,36,79,26,19,5.5,Barley,124,88000,4464,High,Low,0
887,52,32,82,20,23,5.5,Sorghum,125,46124,4000,Medium,Low,3
636,81,23,84,26,22,11.9,Barley,132,51516,3036,Medium,High,0
1284,59,30,86,16,19,9.6,Soybean,121,75756,3630,Very High,Medium,4
1296,59,26,77,16,10,7.3,Wheat,103,76464,2678,Very High,Low,5
671,68,31,70,24,11,11.1,Soybean,105,45628,3255,Medium,High,4
588,95,29,78,27,15,7.5,Wheat,120,55860,3480,Low,Low,5
1398,83,26,64,22,19,10.8,Corn,105,116034,2730,Very High,High,1
1103,82,32,78,29,14,8.6,Wheat,121,90446,3872,High,Medium,5
846,72,26,70,29,21,13.2,Corn,120,60912,3120,Medium,Very High,1
980,77,36,83,26,23,13.2,Corn,132,75460,4752,High,Very High,1
1189,81,29,71,16,18,9.8,Wheat,105,96309,3045,High,Medium,5
1260,99,29,69,21,14,8.5,Sorghum,104,124740,3016,Very High,Medium,3
646,56,23,67,17,11,8.6,Rice,95,36176,2185,Medium,Medium,2
1362,78,39,83,22,19,13.1,Wheat,124,106236,4836,Very High,Very High,5
475,57,23,87,21,13,8.3,Barley,121,27075,2783,Low,Medium,0
553,50,26,87,28,18,7.1,Sorghum,133,27650,3458,Low,Low,3
1055,52,20,68,22,10,5.8,Sorghum,100,54860,2000,High,Low,3
834,73,31,63,28,20,9.7,Barley,111,60882,3441,Medium,Medium,0
1396,72,32,64,21,10,9.8,Rice,95,100512,3040,Very High,Medium,2
485,57,29,80,25,21,13.4,Sorghum,126,27645,3654,Low,Very High,3
1096,96,34,67,20,16,7.2,Corn,103,105216,3502,High,Low,1
684,86,32,82,27,20,8.8,Rice,129,58824,4128,Medium,Medium,2
1373,52,28,68,21,12,13.1,Barley,101,71396,2828,Very High,Very High,0
619,82,28,74,19,19,13.2,Rice,112,50758,3136,Medium,Very High,2
468,77,34,74,21,11,8.8,Wheat,106,36036,3604,Low,Medium,5
446,96,29,75,15,18,9.6,Rice,108,42816,3132,Low,Medium,2
493,57,29,73,15,12,8.0,Corn,100,28101,2900,Low,Low,1
1149,83,27,67,23,11,14.3,Wheat,101,95367,2727,High,Very High,5
1357,84,35,77,28,21,6.2,Soybean,126,113988,4410,Very High,Low,4
852,81,36,69,19,17,14.3,Barley,105,69012,3780,Medium,Very High,0
603,73,24,87,27,19,11.8,Barley,133,44019,3192,Medium,High,0
1311,63,23,79,19,15,10.3,Rice,113,82593,2599,Very High,High,2
617,81,37,65,17,15,5.3,Sorghum,97,49977,3589,Medium,Low,3
873,95,38,71,19,19,9.8,Wheat,109,82935,4142,Medium,Medium,5
831,92,23,61,17,20,9.1,Soybean,98,76452,2254,Medium,Medium,4
740,65,26,66,23,16,6.6,Wheat,105,48100,2730,Medium,Low,5
950,53,29,75,23,16,11.6,Barley,114,50350,3306,High,High,0
1011,86,37,62,20,20,14.7,Wheat,102,86946,3774,High,Very High,5
688,70,38,72,29,22,10.6,Soybean,123,48160,4674,Medium,High,4
653,63,23,62,15,24,12.1,Sorghum,101,41139,2323,Medium,Very High,3
1133,80,29,86,21,15,5.7,Rice,122,90640,3538,High,Low,2
756,97,20,77,21,13,9.2,Corn,111,73332,2220,Medium,Medium,1
422,67,37,70,28,20,6.2,Wheat,118,28274,4366,Low,Low,5
1161,56,24,67,24,18,11.1,Corn,109,65016,2616,High,High,1
921,59,34,65,24,15,14.4,Barley,104,54339,3536,High,Very High,0
1157,56,36,60,18,13,11.6,Rice,91,64792,3276,High,High,2
1236,82,22,87,22,21,5.8,Rice,130,101352,2860,Very High,Low,2
499,72,31,60,20,12,8.5,Wheat,92,35928,2852,Low,Medium,5
1201,70,21,82,18,13,10.5,Sorghum,113,84070,2373,Very High,High,3
579,68,20,67,18,12,9.0,Rice,97,39372,1940,Low,Medium,2
622,97,36,64,16,24,13.3,Wheat,104,60334,3744,Medium,Very High,5
1305,68,35,87,28,11,13.1,Wheat,126,88740,4410,Very High,Very High,5
1161,85,24,75,16,23,11.1,Corn,114,98685,2736,High,High,1
1058,78,34,70,26,14,8.7,Rice,110,82524,3740,High,Medium,2
841,67,22,64,28,11,7.6,Wheat,103,56347,2266,Medium,Low,5
1007,51,26,63,18,15,6.1,Corn,96,51357,2496,High,Low,1
1168,50,30,89,19,12,8.5,Soybean,120,58400,3600,High,Medium,4
724,96,29,65,22,15,9.1,Corn,102,69504,2958,Medium,Medium,1
915,54,28,73,29,24,11.8,Corn,126,49410,3528,High,High,1
415,69,33,81,20,20,11.6,Wheat,121,28635,3993,Low,High,5
1191,60,32,78,28,19,5.7,Barley,125,71460,4000,High,Low,0
735,91,21,68,29,18,9.0,Barley,115,66885,2415,Medium,Medium,0
1158,51,22,71,18,10,6.8,Sorghum,99,59058,2178,High,Low,3
657,52,26,70,27,15,6.6,Barley,112,34164,2912,Medium,Low,0
896,72,37,73,25,18,13.3,Corn,116,64512,4292,Medium,Very High,1
1387,61,22,82,21,20,5.4,Sorghum,123,84607,2706,Very High,Low,3
1295,69,29,75,22,13,9.2,Wheat,110,89355,3190,Very High,Medium,5
559,54,26,60,16,20,6.7,Rice,96,30186,2496,Low,Low,2
874,86,28,72,26,21,13.8,Corn,119,75164,3332,Medium,Very High,1
1251,87,36,82,21,11,10.6,Corn,114,108837,4104,Very High,High,1
1063,79,30,80,29,22,7.3,Sorghum,131,83977,3930,High,Low,3
1307,58,26,80,28,13,10.0,Wheat,121,75806,3146,Very High,Medium,5
1089,83,33,89,16,10,12.3,Soybean,115,90387,3795,High,Very High,4
1074,93,38,72,16,12,14.6,Corn,100,99882,3800,High,Very High,1
779,84,23,61,22,19,7.2,Soybean,102,65436,2346,Medium,Low,4
944,71,25,63,16,18,13.9,Soybean,97,67024,2425,High,Very High,4
1328,93,29,87,29,19,14.3,Barley,135,123504,3915,Very High,Very High,0
1356,73,26,65,25,14,14.2,Wheat,104,98988,2704,Very High,Very High,5
1090,66,32,85,23,24,11.4,Soybean,132,71940,4224,High,High,4
826,59,33,86,26,20,11.3,Wheat,132,48734,4356,Medium,High,5
1012,79,23,82,15,15,9.0,Barley,112,79948,2576,High,Medium,0
667,95,27,86,29,12,12.5,Wheat,127,63365,3429,Medium,Very High,5
1234,72,24,64,23,14,10.3,Corn,101,88848,2424,Very High,High,1
976,81,20,84,29,20,11.8,Soybean,133,79056,2660,High,High,4
816,66,23,62,15,17,9.3,Wheat,94,53856,2162,Medium,Medium,5
567,99,22,60,24,15,12.3,Rice,99,56133,2178,Low,Very High,2
1241,66,28,63,27,13,13.2,Wheat,103,81906,2884,Very High,Very High,5
442,63,27,84,24,11,6.5,Soybean,119,27846,3213,Low,Low,4
955,58,20,79,16,23,13.3,Barley,118,55390,2360,High,Very High,0
684,89,25,61,20,18,10.4,Barley,99,60876,2475,Medium,High,0
796,51,28,85,20,22,13.4,Soybean,127,40596,3556,Medium,Very High,4
411,94,26,89,15,21,9.3,Corn,125,38634,3250,Low,Medium,1
1006,74,23,89,21,10,8.8,Corn,120,74444,2760,High,Medium,1
701,88,32,64,22,10,14.2,Barley,96,61688,3072,Medium,Very High,0
1297,58,36,62,16,22,7.5,Barley,100,75226,3600,Very High,Low,0
652,71,21,88,22,13,13.4,Soybean,123,46292,2583,Medium,Very High,4
898,92,24,87,23,16,9.8,Corn,126,82616,3024,Medium,Medium,1
1153,95,31,88,20,10,10.1,Barley,118,109535,3658,High,High,0
434,53,27,68,19,18,8.1,Corn,105,23002,2835,Low,Medium,1
1126,75,25,79,26,13,10.7,Barley,118,84450,2950,High,High,0
1248,78,27,65,23,12,8.3,Wheat,100,97344,2700,Very High,Medium,5
489,94,37,77,27,10,5.4,Rice,114,45966,4218,Low,Low,2
1175,83,22,65,26,19,7.7,Sorghum,110,97525,2420,High,Low,3
1004,72,31,78,25,13,5.1,Wheat,116,72288,3596,High,Low,5
1321,86,22,87,23,18,14.8,Sorghum,128,113606,2816,Very High,Very High,3
1369,60,25,71,15,22,14.7,Barley,108,82140,2700,Very High,Very High,0
1001,55,21,84,25,23,9.0,Rice,132,55055,2772,High,Medium,2
817,67,31,70,17,19,12.3,Rice,106,54739,3286,Medium,Very High,2
514,70,21,61,23,15,8.5,Barley,99,35980,2079,Low,Medium,0
1016,91,25,74,25,15,11.7,Barley,114,92456,2850,High,High,0
1302,85,36,71,16,10,13.1,Corn,97,110670,3492,Very High,Very High,1
595,90,22,71,26,19,14.5,Barley,116,53550,2552,Low,Very High,0
1225,87,21,68,18,11,9.0,Soybean,97,106575,2037,Very High,Medium,4
900,83,39,80,18,20,12.8,Barley,118,74700,4602,Medium,Very High,0
1025,66,27,83,16,15,7.7,Soybean,114,67650,3078,High,Low,4
892,86,31,61,29,11,14.9,Barley,101,76712,3131,Medium,Very High,0
474,74,23,81,17,12,5.3,Corn,110,35076,2530,Low,Low,1
812,87,24,62,27,13,11.0,Soybean,102,70644,2448,Medium,High,4
775,61,32,71,17,20,11.6,Wheat,108,47275,3456,Medium,High,5
819,72,34,87,15,14,11.9,Soybean,116,58968,3944,Medium,High,4
1128,91,35,89,20,24,6.2,Corn,133,102648,4655,High,Low,1
676,71,29,85,22,18,14.4,Sorghum,125,47996,3625,Medium,Very High,3
1160,70,35,75,26,21,6.8,Soybean,122,81200,4270,High,Low,4
1075,76,31,80,17,24,11.2,Barley,121,81700,3751,High,High,0
793,80,36,87,19,24,7.2,Barley,130,63440,4680,Medium,Low,0
1268,55,35,83,15,13,8.1,Sorghum,111,69740,3885,Very High,Medium,3
856,76,31,85,24,22,10.5,Corn,131,65056,4061,Medium,High,1
1319,89,27,89,21,20,9.2,Rice,130,117391,3510,Very High,Medium,2
591,83,39,60,24,18,6.6,Barley,102,49053,3978,Low,Low,0
1138,61,22,80,27,20,6.7,Wheat,127,69418,2794,High,Low,5
1088,94,35,62,15,19,9.2,Corn,96,102272,3360,High,Medium,1
498,56,32,79,26,12,12.6,Soybean,117,27888,3744,Low,Very High,4
947,59,38,61,25,17,14.0,Soybean,103,55873,3914,High,Very High,4
1377,94,27,68,23,21,5.8,Wheat,112,129438,3024,Very High,Low,5
1398,66,24,78,22,10,8.9,Barley,110,92268,2640,Very High,Medium,0
495,75,39,74,21,20,6.0,Corn,115,37125,4485,Low,Low,1
1063,70,27,77,24,18,5.2,Wheat,119,74410,3213,High,Low,5
1062,77,31,85,29,18,11.6,Barley,132,81774,4092,High,High,0
589,95,20,70,21,19,11.0,Corn,110,55955,2200,Low,High,1
1135,51,39,84,19,11,6.6,Soybean,114,57885,4446,High,Low,4
436,92,25,82,19,13,7.3,Corn,114,40112,2850,Low,Low,1
1179,50,37,75,25,22,5.2,Sorghum,122,58950,4514,High,Low,3
768,85,27,81,27,17,13.3,Rice,125,65280,3375,Medium,Very High,2
1094,75,26,76,19,16,14.7,Corn,111,82050,2886,High,Very High,1
924,78,20,64,15,10,6.4,Rice,89,72072,1780,High,Low,2
678,70,35,71,22,14,7.3,Corn,107,47460,3745,Medium,Low,1
616,60,31,70,26,16,13.7,Rice,112,36960,3472,Medium,Very High,2
1266,89,25,89,25,24,14.3,Sorghum,138,112674,3450,Very High,Very High,3
1272,60,39,74,15,13,9.2,Soybean,102,76320,3978,Very High,Medium,4
1197,85,21,86,18,24,5.5,Barley,128,101745,2688,High,Low,0
672,98,33,62,29,24,5.4,Rice,115,65856,3795,Medium,Low,2
1280,88,23,60,23,10,10.7,Sorghum,93,112640,2139,Very High,High,3
461,89,20,79,28,18,8.9,Rice,125,41029,2500,Low,Medium,2
995,84,37,88,23,23,5.3,Soybean,134,83580,4958,High,Low,4
1279,83,32,75,19,14,10.8,Rice,108,106157,3456,Very High,High,2
1128,96,21,61,18,20,5.1,Sorghum,99,108288,2079,High,Low,3
741,73,28,61,17,11,12.9,Sorghum,89,54093,2492,Medium,Very High,3
796,71,21,62,17,17,8.1,Wheat,96,56516,2016,Medium,Medium,5
1098,54,28,67,26,20,5.4,Soybean,113,59292,3164,High,Low,4
418,82,20,83,19,22,10.9,Wheat,124,34276,2480,Low,High,5
576,85,30,87,24,11,9.0,Soybean,122,48960,3660,Low,Medium,4
1011,96,22,74,15,12,14.7,Rice,101,97056,2222,High,Very High,2
795,69,39,66,19,23,10.4,Sorghum,108,54855,4212,Medium,High,3
844,68,23,65,20,19,7.8,Wheat,104,57392,2392,Medium,Low,5
632,84,37,68,21,10,12.1,Rice,99,53088,3663,Medium,Very High,2
1314,92,25,79,26,20,7.7,Sorghum,125,120888,3125,Very High,Low,3
475,66,22,87,23,11,14.0,Soybean,121,31350,2662,Low,Very High,4
664,94,30,60,17,23,8.7,Sorghum,100,62416,3000,Medium,Medium,3
854,92,34,67,29,16,10.5,Rice,112,78568,3808,Medium,High,2
1195,83,24,82,16,19,5.5,Wheat,117,99185,2808,High,Low,5
1117,58,39,82,28,11,9.3,Wheat,121,64786,4719,High,Medium,5
1134,75,29,62,17,15,13.3,Sorghum,94,85050,2726,High,Very High,3
783,51,31,63,26,24,13.1,Rice,113,39933,3503,Medium,Very High,2
963,58,34,85,23,12,7.2,Corn,120,55854,4080,High,Low,1
1250,58,36,84,26,13,7.3,Soybean,123,72500,4428,Very High,Low,4
905,89,29,74,21,20,13.2,Soybean,115,80545,3335,High,Very High,4
766,66,25,65,23,24,14.3,Rice,112,50556,2800,Medium,Very High,2
543,50,37,74,27,22,6.0,Corn,123,27150,4551,Low,Low,1
1284,74,32,80,16,17,9.5,Wheat,113,95016,3616,Very High,Medium,5
468,92,22,62,19,23,8.4,Barley,104,43056,2288,Low,Medium,0
498,89,29,84,27,12,13.7,Barley,123,44322,3567,Low,Very High,0
795,91,33,80,18,19,5.8,Rice,117,72345,3861,Medium,Low,2
424,74,25,80,29,15,7.1,Corn,124,31376,3100,Low,Low,1
1347,88,22,73,16,10,12.5,Corn,99,118536,2178,Very High,Very High,1
1290,84,35,79,23,16,5.5,Soybean,118,108360,4130,Very High,Low,4
868,52,26,73,23,17,9.9,Wheat,113,45136,2938,Medium,Medium,5
883,99,39,63,20,20,9.4,Sorghum,103,87417,4017,Medium,Medium,3
964,86,33,71,25,23,8.3,Corn,119,82904,3927,High,Medium,1
550,93,28,76,20,17,8.9,Sorghum,113,51150,3164,Low,Medium,3
543,93,34,66,22,12,10.3,Barley,100,50499,3400,Low,High,0
968,79,22,68,20,23,6.6,Sorghum,111,76472,2442,High,Low,3
438,87,21,62,15,19,10.7,Wheat,96,38106,2016,Low,High,5
508,83,21,87,18,10,13.1,Wheat,115,42164,2415,Low,Very High,5
1092,61,22,72,27,18,12.6,Sorghum,117,66612,2574,High,Very High,3
441,68,37,74,21,22,6.5,Rice,117,29988,4329,Low,Low,2
585,86,33,77,27,15,6.5,Corn,119,50310,3927,Low,Low,1
1334,93,39,78,27,20,7.7,Rice,125,124062,4875,Very High,Low,2
797,98,37,60,16,18,8.6,Sorghum,94,78106,3478,Medium,Medium,3
622,66,29,65,23,16,9.1,Corn,104,41052,3016,Medium,Medium,1
1033,59,21,86,22,10,11.8,Soybean,118,60947,2478,High,High,4
532,98,20,86,22,21,5.6,Rice,129,52136,2580,Low,Low,2
562,96,23,82,21,21,5.3,Rice,124,53952,2852,Low,Low,2
614,61,33,86,18,10,8.9,Sorghum,114,37454,3762,Medium,Medium,3
1132,65,20,86,16,15,12.0,Barley,117,73580,2340,High,High,0
634,73,33,61,17,14,6.9,Sorghum,92,46282,3036,Medium,Low,3
1242,68,35,83,26,18,11.4,Rice,127,84456,4445,Very High,High,2
1057,57,33,73,20,11,7.6,Corn,104,60249,3432,High,Low,1
1150,80,39,65,26,17,13.9,Barley,108,92000,4212,High,Very High,0
987,70,22,73,26,20,14.0,Sorghum,119,69090,2618,High,Very High,3
408,66,22,63,19,14,8.0,Sorghum,96,26928,2112,Low,Low,3
473,72,28,80,26,11,7.3,Rice,117,34056,3276,Low,Low,2
1353,86,25,67,22,22,9.1,Rice,111,116358,2775,Very High,Medium,2
891,65,32,89,20,19,7.4,Soybean,128,57915,4096,Medium,Low,4
1312,55,21,62,20,20,11.7,Sorghum,102,72160,2142,Very High,High,3
652,57,27,78,15,20,13.3,Rice,113,37164,3051,Medium,Very High,2
629,74,21,89,18,21,11.7,Wheat,128,46546,2688,Medium,High,5
918,67,23,73,19,15,13.2,Barley,107,61506,2461,High,Very High,0
573,74,34,86,26,19,9.0,Wheat,131,42402,4454,Low,Medium,5
1052,61,23,79,25,17,6.6,Barley,121,64172,2783,High,Low,0
567,64,32,76,17,13,12.4,Sorghum,106,36288,3392,Low,Very High,3
569,75,31,84,27,11,8.6,Soybean,122,42675,3782,Low,Medium,4
792,90,32,67,23,21,11.7,Rice,111,71280,3552,Medium,High,2
1345,94,33,83,15,20,7.7,Rice,118,126430,3894,Very High,Low,2
1194,75,39,73,20,14,5.8,Rice,107,89550,4173,High,Low,2
1033,96,37,85,20,24,14.9,Sorghum,129,99168,4773,High,Very High,3
593,81,25,65,24,21,6.6,Barley,110,48033,2750,Low,Low,0
916,59,30,82,19,11,14.9,Rice,112,54044,3360,High,Very High,2
428,65,21,81,26,11,14.8,Wheat,118,27820,2478,Low,Very High,5
564,56,38,75,29,24,12.9,Rice,128,31584,4864,Low,Very High,2
821,66,38,84,19,15,11.6,Sorghum,118,54186,4484,Medium,High,3
738,72,24,78,24,20,10.8,Soybean,122,53136,2928,Medium,High,4
1047,75,38,73,28,19,13.7,Wheat,120,78525,4560,High,Very High,5
895,70,21,78,27,18,7.9,Rice,123,62650,2583,Medium,Low,2
764,71,29,62,19,22,9.7,Rice,103,54244,2987,Medium,Medium,2
1232,56,21,69,20,13,11.2,Corn,102,68992,2142,Very High,High,1
741,63,30,78,22,15,9.1,Barley,115,46683,3450,Medium,Medium,0
899,64,37,68,16,16,9.3,Wheat,100,57536,3700,Medium,Medium,5
1056,56,34,87,20,22,8.3,Corn,129,59136,4386,High,Medium,1
910,58,28,79,15,20,10.6,Soybean,114,52780,3192,High,High,4
726,97,38,72,18,15,13.5,Barley,105,70422,3990,Medium,Very High,0
616,57,28,66,28,17,7.0,Wheat,111,35112,3108,Medium,Low,5
700,99,22,73,24,13,14.3,Rice,110,69300,2420,Medium,Very High,2
531,72,28,68,17,21,11.9,Wheat,106,38232,2968,Low,High,5
1203,78,33,86,23,24,13.2,Rice,133,93834,4389,Very High,Very High,2
469,67,38,87,17,10,10.6,Barley,114,31423,4332,Low,High,0
651,80,26,82,29,16,12.8,Rice,127,52080,3302,Medium,Very High,2
814,79,35,84,20,12,5.2,Soybean,116,64306,4060,Medium,Low,4
1186,88,35,87,15,23,13.2,Sorghum,125,104368,4375,High,Very High,3
844,84,20,78,26,15,5.4,Rice,119,70896,2380,Medium,Low,2
1275,67,23,74,20,11,13.9,Soybean,105,85425,2415,Very High,Very High,4
581,91,23,79,18,18,14.9,Sorghum,115,52871,2645,Low,Very High,3
566,88,26,73,22,10,7.9,Barley,105,49808,2730,Low,Low,0
490,66,27,83,27,15,7.1,Barley,125,32340,3375,Low,Low,0
1113,63,36,65,25,15,12.7,Wheat,105,70119,3780,High,Very High,5
1257,80,24,80,23,14,7.5,Soybean,117,100560,2808,Very High,Low,4
930,73,26,88,18,22,13.7,Soybean,128,67890,3328,High,Very High,4
438,84,39,63,24,14,6.0,Corn,101,36792,3939,Low,Low,1
525,93,39,67,26,10,6.3,Corn,103,48825,4017,Low,Low,1
850,94,23,76,24,19,14.8,Sorghum,119,79900,2737,Medium,Very High,3
572,83,25,89,20,21,11.7,Sorghum,130,47476,3250,Low,High,3
1052,52,26,68,15,14,13.5,Corn,97,54704,2522,High,Very High,1
1153,86,37,60,18,11,8.2,Sorghum,89,99158,3293,High,Medium,3
619,92,24,83,21,16,11.8,Rice,120,56948,2880,Medium,High,2
1037,89,39,79,26,12,10.9,Corn,117,92293,4563,High,High,1
457,75,22,84,29,22,11.0,Soybean,135,34275,2970,Low,High,4
1059,72,26,73,15,24,11.8,Rice,112,76248,2912,High,High,2
875,93,33,70,22,13,10.8,Sorghum,105,81375,3465,Medium,High,3
855,88,26,80,26,12,9.3,Barley,118,75240,3068,Medium,Medium,0
1228,64,24,62,24,12,7.8,Wheat,98,78592,2352,Very High,Low,5
1294,98,24,68,26,13,12.7,Corn,107,126812,2568,Very High,Very High,1
760,53,21,86,25,14,7.3,Barley,125,40280,2625,Medium,Low,0
1334,78,25,73,20,10,11.9,Sorghum,103,104052,2575,Very High,High,3
400,71,34,89,19,13,7.3,Soybean,121,28400,4114,Low,Low,4
786,74,29,68,24,21,11.3,Wheat,113,58164,3277,Medium,High,5
1372,62,26,63,25,21,12.5,Barley,109,85064,2834,Very High,Very High,0
747,67,24,86,29,20,7.2,Wheat,135,50049,3240,Medium,Low,5
