crop_type,rainfall,temperature,fertilizer,nitrogen,phosphorus,potassium,total_npk,n_proportion,p_proportion,temperature_squared,rainfall_fertilizer_interaction,yield
Corn,1230.0,28.0,80.0,80.0,24.0,20.0,124.0,0.6451612903225806,0.1935483870967742,784.0,98400.0,12.0
Sorghum,480.0,36.0,60.0,70.0,20.0,18.0,108.0,0.6481481481481481,0.18518518518518517,1296.0,28800.0,8.0
Soybean,1250.0,29.0,75.0,78.0,22.0,19.0,119.0,0.6554621848739496,0.18487394957983194,841.0,93750.0,11.0
Sorghum,450.0,35.0,65.0,70.0,19.0,18.0,107.0,0.6542056074766355,0.17757009345794392,1225.0,29250.0,9.0
Wheat,1200.0,27.0,80.0,79.0,22.0,19.0,120.0,0.6583333333333333,0.18333333333333332,729.0,96000.0,11.0
Barley,500.0,34.0,70.0,74.0,22.0,16.0,112.0,0.6607142857142857,0.19642857142857142,1156.0,35000.0,10.0
Corn,1275.0,28.0,71.0,77.0,21.0,20.0,118.0,0.652542372881356,0.17796610169491525,784.0,90525.0,11.0
Corn,425.0,37.0,65.0,67.0,18.0,15.0,100.0,0.67,0.18,1369.0,27625.0,7.0
Sorghum,1200.0,27.0,77.0,78.0,23.0,20.0,121.0,0.6446280991735537,0.19008264462809918,729.0,92400.0,12.0
Barley,400.0,39.0,50.0,60.0,18.0,15.0,93.0,0.6451612903225806,0.1935483870967742,1521.0,20000.0,6.0
Barley,1280.0,26.0,80.0,80.0,24.0,20.0,124.0,0.6451612903225806,0.1935483870967742,676.0,102400.0,12.0
Wheat,415.0,38.0,55.0,65.0,19.0,17.0,101.0,0.6435643564356436,0.18811881188118812,1444.0,22825.0,8.0
Sorghum,1225.0,29.0,79.0,79.0,23.0,20.0,122.0,0.6475409836065574,0.1885245901639344,841.0,96775.0,11.0
Sorghum,425.0,37.0,50.0,65.0,18.0,19.0,102.0,0.6372549019607843,0.17647058823529413,1369.0,21250.0,9.0
Rice,1250.0,24.0,70.0,70.0,22.0,18.0,110.0,0.6363636363636364,0.2,576.0,87500.0,11.0
Sorghum,400.0,39.0,60.0,60.0,18.0,15.0,93.0,0.6451612903225806,0.1935483870967742,1521.0,24000.0,5.5
Corn,1300.0,28.0,80.0,80.0,24.0,20.0,124.0,0.6451612903225806,0.1935483870967742,784.0,104000.0,12.0
Wheat,410.0,36.0,55.0,65.0,21.0,16.0,102.0,0.6372549019607843,0.20588235294117646,1296.0,22550.0,7.0
Barley,1150.0,28.0,77.0,76.0,23.0,20.0,119.0,0.6386554621848739,0.19327731092436976,784.0,88550.0,11.0
Sorghum,1200.0,27.0,78.0,78.0,23.0,19.0,120.0,0.65,0.19166666666666668,729.0,93600.0,12.0
Wheat,410.0,37.0,50.0,59.0,19.0,15.0,93.0,0.6344086021505376,0.20430107526881722,1369.0,20500.0,6.0
Sorghum,1280.0,26.0,76.0,75.0,24.0,19.0,118.0,0.635593220338983,0.2033898305084746,676.0,97280.0,11.0
Barley,425.0,38.0,55.0,65.0,19.0,17.0,101.0,0.6435643564356436,0.18811881188118812,1444.0,23375.0,7.0
Soybean,1225.0,29.0,73.0,73.0,23.0,20.0,116.0,0.6293103448275862,0.19827586206896552,841.0,89425.0,10.0
Barley,450.0,37.0,50.0,65.0,18.0,19.0,102.0,0.6372549019607843,0.17647058823529413,1369.0,22500.0,9.0
Barley,1250.0,24.0,70.0,70.0,22.0,18.0,110.0,0.6363636363636364,0.2,576.0,87500.0,10.0
Barley,400.0,39.0,60.0,60.0,18.0,15.0,93.0,0.6451612903225806,0.1935483870967742,1521.0,24000.0,6.0
Sorghum,1250.0,28.0,80.0,80.0,24.0,20.0,124.0,0.6451612903225806,0.1935483870967742,784.0,100000.0,12.0
Rice,405.0,36.0,55.0,60.0,21.0,16.0,97.0,0.6185567010309279,0.21649484536082475,1296.0,22275.0,7.0
Barley,1200.0,29.0,72.0,73.0,21.0,19.0,113.0,0.6460176991150443,0.18584070796460178,841.0,86400.0,10.0
Corn,1150.0,26.0,80.0,75.0,21.0,20.0,116.0,0.646551724137931,0.1810344827586207,676.0,92000.0,11.0
Corn,475.0,39.0,55.0,61.0,18.0,16.0,95.0,0.6421052631578947,0.18947368421052632,1521.0,26125.0,6.0
Wheat,1275.0,26.0,76.0,75.0,24.0,19.0,118.0,0.635593220338983,0.2033898305084746,676.0,96900.0,11.0
Rice,450.0,38.0,55.0,65.0,19.0,17.0,101.0,0.6435643564356436,0.18811881188118812,1444.0,24750.0,7.0
Wheat,1200.0,29.0,73.0,73.0,23.0,20.0,116.0,0.6293103448275862,0.19827586206896552,841.0,87600.0,10.0
Corn,500.0,37.0,50.0,65.0,18.0,19.0,102.0,0.6372549019607843,0.17647058823529413,1369.0,25000.0,9.0
Corn,1300.0,24.0,70.0,70.0,22.0,18.0,110.0,0.6363636363636364,0.2,576.0,91000.0,10.0
Soybean,425.0,39.0,60.0,60.0,18.0,15.0,93.0,0.6451612903225806,0.1935483870967742,1521.0,25500.0,6.0
Barley,1250.0,26.0,75.0,75.0,22.0,19.0,116.0,0.646551724137931,0.1896551724137931,676.0,93750.0,12.0
Corn,440.0,37.0,58.0,66.0,22.0,18.0,106.0,0.6226415094339622,0.20754716981132076,1369.0,25520.0,8.0
Sorghum,1275.0,28.0,78.0,77.0,23.0,21.0,121.0,0.6363636363636364,0.19008264462809918,784.0,99450.0,11.0
Sorghum,405.0,36.0,55.0,60.0,21.0,16.0,97.0,0.6185567010309279,0.21649484536082475,1296.0,22275.0,7.0
Wheat,1175.0,28.0,78.0,75.0,23.0,22.0,120.0,0.625,0.19166666666666668,784.0,91650.0,11.0
Wheat,410.0,39.0,60.0,65.0,18.0,15.0,98.0,0.6632653061224489,0.1836734693877551,1521.0,24600.0,6.0
Barley,1250.0,26.0,80.0,78.0,23.0,19.0,120.0,0.65,0.19166666666666668,676.0,100000.0,11.0
Barley,460.0,38.0,55.0,61.0,20.0,18.0,99.0,0.6161616161616161,0.20202020202020202,1444.0,25300.0,7.0
Soybean,1275.0,26.0,76.0,75.0,24.0,19.0,118.0,0.635593220338983,0.2033898305084746,676.0,96900.0,11.0
Rice,445.0,38.0,60.0,68.0,22.0,18.0,108.0,0.6296296296296297,0.2037037037037037,1444.0,26700.0,8.0
Wheat,1220.0,29.0,77.0,75.0,22.0,19.0,116.0,0.646551724137931,0.1896551724137931,841.0,93940.0,10.0
Barley,450.0,37.0,50.0,60.0,18.0,15.0,93.0,0.6451612903225806,0.1935483870967742,1369.0,22500.0,6.0
Wheat,1225.0,24.0,79.0,79.0,22.0,19.0,120.0,0.6583333333333333,0.18333333333333332,576.0,96775.0,11.0
Barley,430.0,39.0,65.0,65.0,19.0,16.0,100.0,0.65,0.19,1521.0,27950.0,6.0
Corn,1275.0,27.0,77.0,78.0,21.0,20.0,119.0,0.6554621848739496,0.17647058823529413,729.0,98175.0,11.0
Wheat,400.0,38.0,52.0,64.0,19.0,15.0,98.0,0.6530612244897959,0.19387755102040816,1444.0,20800.0,6.5
Corn,1245.0,27.0,78.0,78.0,22.0,19.0,119.0,0.6554621848739496,0.18487394957983194,729.0,97110.0,10.0
Wheat,455.0,37.0,58.0,61.0,21.0,18.0,100.0,0.61,0.21,1369.0,26390.0,7.5
Rice,1280.0,28.0,73.0,75.0,24.0,19.0,118.0,0.635593220338983,0.2033898305084746,784.0,93440.0,11.0
Soybean,475.0,37.0,62.0,68.0,22.0,18.0,108.0,0.6296296296296297,0.2037037037037037,1369.0,29450.0,9.0
Sorghum,1300.0,28.0,79.0,77.0,23.0,19.0,119.0,0.6470588235294118,0.19327731092436976,784.0,102700.0,10.0
Sorghum,425.0,36.0,55.0,65.0,19.0,15.0,99.0,0.6565656565656566,0.1919191919191919,1296.0,23375.0,7.0
Sorghum,1175.0,25.0,77.0,75.0,22.0,19.0,116.0,0.646551724137931,0.1896551724137931,625.0,90475.0,11.0
Corn,425.0,39.0,70.0,70.0,20.0,16.0,106.0,0.660377358490566,0.18867924528301888,1521.0,29750.0,6.5
Barley,1200.0,27.0,75.0,79.0,21.0,20.0,120.0,0.6583333333333333,0.175,729.0,90000.0,11.0
Sorghum,450.0,40.0,56.0,67.0,18.0,15.0,100.0,0.67,0.18,1600.0,25200.0,7.0
Rice,1200.0,27.0,75.0,76.0,21.0,19.0,116.0,0.6551724137931034,0.1810344827586207,729.0,90000.0,11.0
Sorghum,410.0,38.0,55.0,68.0,20.0,16.0,104.0,0.6538461538461539,0.19230769230769232,1444.0,22550.0,7.0
Wheat,1250.0,27.0,75.0,75.0,23.0,20.0,118.0,0.635593220338983,0.19491525423728814,729.0,93750.0,11.0
Corn,475.0,37.0,60.0,63.0,20.0,18.0,101.0,0.6237623762376238,0.19801980198019803,1369.0,28500.0,7.0
Wheat,1225.0,29.0,75.0,77.0,23.0,19.0,119.0,0.6470588235294118,0.19327731092436976,841.0,91875.0,10.0
Wheat,455.0,38.0,60.0,65.0,20.0,16.0,101.0,0.6435643564356436,0.19801980198019803,1444.0,27300.0,8.5
Wheat,1245.0,27.0,77.0,75.0,22.0,20.0,117.0,0.6410256410256411,0.18803418803418803,729.0,95865.0,9.5
Soybean,450.0,40.0,59.0,67.0,18.0,16.0,101.0,0.6633663366336634,0.1782178217821782,1600.0,26550.0,7.5
Soybean,1200.0,27.0,79.0,77.0,23.0,20.0,120.0,0.6416666666666667,0.19166666666666668,729.0,94800.0,10.5
Barley,475.0,36.0,72.0,71.0,21.0,17.0,109.0,0.6513761467889908,0.1926605504587156,1296.0,34200.0,7.0
Corn,1275.0,28.0,77.0,76.0,22.0,19.0,117.0,0.6495726495726496,0.18803418803418803,784.0,98175.0,10.0
Rice,475.0,39.0,58.0,68.0,19.0,16.0,103.0,0.6601941747572816,0.18446601941747573,1521.0,27550.0,7.5
Rice,1300.0,28.0,80.0,80.0,24.0,20.0,124.0,0.6451612903225806,0.1935483870967742,784.0,104000.0,12.0
Rice,400.0,40.0,50.0,60.0,18.0,15.0,93.0,0.6451612903225806,0.1935483870967742,1600.0,20000.0,6.0
Wheat,1175.0,28.0,70.0,70.0,22.0,19.0,111.0,0.6306306306306306,0.1981981981981982,784.0,82250.0,10.0
Soybean,445.0,39.0,65.0,65.0,21.0,19.0,105.0,0.6190476190476191,0.2,1521.0,28925.0,7.5
Corn,1200.0,29.0,77.0,76.0,22.0,19.0,117.0,0.6495726495726496,0.18803418803418803,841.0,92400.0,9.5
Wheat,450.0,38.0,65.0,60.0,20.0,16.0,96.0,0.625,0.20833333333333334,1444.0,29250.0,8.0
Soybean,1225.0,28.0,75.0,79.0,21.0,19.0,119.0,0.6638655462184874,0.17647058823529413,784.0,91875.0,9.5
Soybean,450.0,39.0,65.0,70.0,20.0,19.0,109.0,0.6422018348623854,0.1834862385321101,1521.0,29250.0,8.5
Sorghum,1300.0,28.0,76.0,77.0,22.0,20.0,119.0,0.6470588235294118,0.18487394957983194,784.0,98800.0,9.0
Sorghum,450.0,36.0,70.0,72.0,25.0,18.0,115.0,0.6260869565217392,0.21739130434782608,1296.0,31500.0,8.0
Corn,1250.0,28.0,77.0,76.0,22.0,19.0,117.0,0.6495726495726496,0.18803418803418803,784.0,96250.0,10.0
Corn,475.0,39.0,60.0,70.0,20.0,17.0,107.0,0.6542056074766355,0.18691588785046728,1521.0,28500.0,8.0
Corn,1200.0,28.0,75.0,77.0,23.0,19.0,119.0,0.6470588235294118,0.19327731092436976,784.0,90000.0,11.0
Wheat,410.0,40.0,52.0,62.0,19.0,16.0,97.0,0.6391752577319587,0.1958762886597938,1600.0,21320.0,6.5
Barley,1225.0,28.0,75.0,75.0,23.0,20.0,118.0,0.635593220338983,0.19491525423728814,784.0,91875.0,11.0
Corn,460.0,39.0,60.0,60.0,20.0,16.0,96.0,0.625,0.20833333333333334,1521.0,27600.0,7.0
Sorghum,1150.0,29.0,78.0,77.0,21.0,18.0,116.0,0.6637931034482759,0.1810344827586207,841.0,89700.0,9.0
Barley,475.0,38.0,65.0,60.0,20.0,16.0,96.0,0.625,0.20833333333333334,1444.0,30875.0,8.0
Wheat,1250.0,28.0,77.0,78.0,23.0,20.0,121.0,0.6446280991735537,0.19008264462809918,784.0,96250.0,9.0
Barley,425.0,39.0,60.0,65.0,19.0,17.0,101.0,0.6435643564356436,0.18811881188118812,1521.0,25500.0,6.5
Rice,1220.0,28.0,79.0,77.0,23.0,21.0,121.0,0.6363636363636364,0.19008264462809918,784.0,96380.0,10.5
Barley,480.0,36.0,65.0,68.0,21.0,16.0,105.0,0.6476190476190476,0.2,1296.0,31200.0,7.0
Barley,502.0,20.0,98.0,60.0,18.0,23.0,101.0,0.594059405940594,0.1782178217821782,400.0,49196.0,10.2
Sorghum,835.0,35.0,74.0,72.0,26.0,18.0,116.0,0.6206896551724138,0.22413793103448276,1225.0,61790.0,10.4
Barley,1260.0,32.0,82.0,80.0,22.0,11.0,113.0,0.7079646017699115,0.19469026548672566,1024.0,103320.0,8.6
Sorghum,670.0,29.0,87.0,85.0,16.0,14.0,115.0,0.7391304347826086,0.1391304347826087,841.0,58290.0,8.5
Wheat,506.0,31.0,55.0,77.0,23.0,15.0,115.0,0.6695652173913044,0.2,961.0,27830.0,13.3
Soybean,471.0,21.0,93.0,72.0,27.0,16.0,115.0,0.6260869565217392,0.23478260869565218,441.0,43803.0,12.9
Corn,1100.0,22.0,94.0,80.0,28.0,14.0,122.0,0.6557377049180327,0.22950819672131148,484.0,103400.0,8.1
Rice,420.0,29.0,81.0,80.0,20.0,18.0,118.0,0.6779661016949152,0.1694915254237288,841.0,34020.0,14.1
Rice,1014.0,21.0,94.0,77.0,23.0,10.0,110.0,0.7,0.20909090909090908,441.0,95316.0,14.5
Wheat,521.0,32.0,96.0,64.0,22.0,16.0,102.0,0.6274509803921569,0.21568627450980393,1024.0,50016.0,8.3
Corn,866.0,32.0,70.0,72.0,29.0,19.0,120.0,0.6,0.24166666666666667,1024.0,60620.0,8.5
Corn,614.0,37.0,65.0,63.0,29.0,16.0,108.0,0.5833333333333334,0.26851851851851855,1369.0,39910.0,10.1
Wheat,730.0,22.0,70.0,76.0,21.0,13.0,110.0,0.6909090909090909,0.19090909090909092,484.0,51100.0,14.4
Corn,858.0,26.0,60.0,62.0,27.0,18.0,107.0,0.5794392523364486,0.2523364485981308,676.0,51480.0,13.8
Soybean,487.0,33.0,86.0,76.0,28.0,23.0,127.0,0.5984251968503937,0.2204724409448819,1089.0,41882.0,6.0
Wheat,772.0,39.0,85.0,87.0,15.0,21.0,123.0,0.7073170731707317,0.12195121951219512,1521.0,65620.0,8.9
Soybean,499.0,36.0,84.0,70.0,28.0,20.0,118.0,0.5932203389830508,0.23728813559322035,1296.0,41916.0,10.5
Corn,1271.0,31.0,68.0,80.0,26.0,14.0,120.0,0.6666666666666666,0.21666666666666667,961.0,86428.0,10.0
Wheat,1063.0,35.0,69.0,79.0,17.0,13.0,109.0,0.7247706422018348,0.1559633027522936,1225.0,73347.0,6.9
Corn,530.0,31.0,67.0,82.0,25.0,22.0,129.0,0.6356589147286822,0.1937984496124031,961.0,35510.0,13.6
Wheat,1061.0,34.0,96.0,80.0,28.0,16.0,124.0,0.6451612903225806,0.22580645161290322,1156.0,101856.0,11.8
Corn,708.0,29.0,90.0,85.0,16.0,13.0,114.0,0.7456140350877193,0.14035087719298245,841.0,63720.0,13.4
Soybean,1169.0,26.0,98.0,89.0,19.0,24.0,132.0,0.6742424242424242,0.14393939393939395,676.0,114562.0,13.6
Soybean,743.0,39.0,63.0,63.0,29.0,12.0,104.0,0.6057692307692307,0.27884615384615385,1521.0,46809.0,12.5
Corn,891.0,24.0,64.0,61.0,19.0,18.0,98.0,0.6224489795918368,0.19387755102040816,576.0,57024.0,9.4
Wheat,813.0,20.0,80.0,79.0,19.0,20.0,118.0,0.6694915254237288,0.16101694915254236,400.0,65040.0,11.1
Rice,1205.0,36.0,50.0,75.0,18.0,17.0,110.0,0.6818181818181818,0.16363636363636364,1296.0,60250.0,6.6
Soybean,785.0,22.0,52.0,87.0,19.0,10.0,116.0,0.75,0.16379310344827586,484.0,40820.0,11.7
Soybean,591.0,32.0,65.0,77.0,17.0,16.0,110.0,0.7,0.15454545454545454,1024.0,38415.0,6.8
Sorghum,1355.0,33.0,72.0,67.0,26.0,18.0,111.0,0.6036036036036037,0.23423423423423423,1089.0,97560.0,11.9
Rice,676.0,37.0,60.0,62.0,15.0,17.0,94.0,0.6595744680851063,0.1595744680851064,1369.0,40560.0,7.3
Corn,560.0,23.0,61.0,68.0,19.0,17.0,104.0,0.6538461538461539,0.18269230769230768,529.0,34160.0,6.2
Wheat,859.0,37.0,59.0,88.0,27.0,22.0,137.0,0.6423357664233577,0.19708029197080293,1369.0,50681.0,6.7
Sorghum,713.0,24.0,81.0,79.0,23.0,15.0,117.0,0.6752136752136753,0.19658119658119658,576.0,57753.0,5.0
Corn,421.0,35.0,65.0,88.0,27.0,20.0,135.0,0.6518518518518519,0.2,1225.0,27365.0,12.2
Barley,652.0,20.0,57.0,65.0,23.0,13.0,101.0,0.6435643564356436,0.22772277227722773,400.0,37164.0,12.3
Soybean,1147.0,33.0,87.0,69.0,18.0,17.0,104.0,0.6634615384615384,0.17307692307692307,1089.0,99789.0,10.1
Barley,1256.0,34.0,61.0,80.0,17.0,12.0,109.0,0.7339449541284404,0.1559633027522936,1156.0,76616.0,6.6
Soybean,960.0,28.0,73.0,69.0,15.0,22.0,106.0,0.6509433962264151,0.14150943396226415,784.0,70080.0,5.8
Soybean,874.0,34.0,77.0,72.0,16.0,18.0,106.0,0.6792452830188679,0.1509433962264151,1156.0,67298.0,5.2
Barley,458.0,36.0,57.0,76.0,22.0,22.0,120.0,0.6333333333333333,0.18333333333333332,1296.0,26106.0,6.7
Barley,910.0,23.0,77.0,68.0,15.0,11.0,94.0,0.723404255319149,0.1595744680851064,529.0,70070.0,13.9
Corn,1081.0,31.0,85.0,76.0,22.0,11.0,109.0,0.6972477064220184,0.2018348623853211,961.0,91885.0,7.4
Sorghum,875.0,24.0,75.0,83.0,27.0,21.0,131.0,0.6335877862595419,0.20610687022900764,576.0,65625.0,8.5
Sorghum,1099.0,24.0,57.0,68.0,21.0,22.0,111.0,0.6126126126126126,0.1891891891891892,576.0,62643.0,6.1
Barley,1375.0,30.0,99.0,68.0,29.0,24.0,121.0,0.5619834710743802,0.2396694214876033,900.0,136125.0,7.2
Corn,1182.0,25.0,77.0,60.0,22.0,21.0,103.0,0.5825242718446602,0.21359223300970873,625.0,91014.0,10.2
Sorghum,589.0,26.0,77.0,61.0,26.0,16.0,103.0,0.5922330097087378,0.2524271844660194,676.0,45353.0,11.1
Corn,1357.0,33.0,86.0,87.0,20.0,21.0,128.0,0.6796875,0.15625,1089.0,116702.0,7.5
Corn,1086.0,30.0,90.0,75.0,26.0,19.0,120.0,0.625,0.21666666666666667,900.0,97740.0,5.6
Soybean,1357.0,32.0,85.0,88.0,28.0,13.0,129.0,0.6821705426356589,0.21705426356589147,1024.0,115345.0,8.9
Sorghum,962.0,21.0,76.0,60.0,29.0,19.0,108.0,0.5555555555555556,0.26851851851851855,441.0,73112.0,7.3
Sorghum,1275.0,26.0,66.0,69.0,29.0,17.0,115.0,0.6,0.25217391304347825,676.0,84150.0,7.2
Soybean,966.0,39.0,58.0,77.0,23.0,18.0,118.0,0.652542372881356,0.19491525423728814,1521.0,56028.0,14.6
Barley,643.0,23.0,82.0,85.0,17.0,16.0,118.0,0.7203389830508474,0.1440677966101695,529.0,52726.0,11.2
Soybean,1231.0,27.0,69.0,87.0,24.0,14.0,125.0,0.696,0.192,729.0,84939.0,10.6
Sorghum,904.0,39.0,62.0,67.0,18.0,17.0,102.0,0.6568627450980392,0.17647058823529413,1521.0,56048.0,9.2
Sorghum,530.0,38.0,77.0,80.0,27.0,13.0,120.0,0.6666666666666666,0.225,1444.0,40810.0,9.3
Barley,884.0,32.0,97.0,87.0,20.0,11.0,118.0,0.7372881355932204,0.1694915254237288,1024.0,85748.0,10.4
Soybean,1218.0,33.0,78.0,70.0,22.0,20.0,112.0,0.625,0.19642857142857142,1089.0,95004.0,12.0
Wheat,1046.0,29.0,62.0,82.0,19.0,24.0,125.0,0.656,0.152,841.0,64852.0,12.0
Wheat,420.0,30.0,95.0,61.0,17.0,21.0,99.0,0.6161616161616161,0.1717171717171717,900.0,39900.0,6.7
Barley,1240.0,21.0,84.0,67.0,20.0,15.0,102.0,0.6568627450980392,0.19607843137254902,441.0,104160.0,10.0
Soybean,566.0,28.0,55.0,86.0,18.0,18.0,122.0,0.7049180327868853,0.14754098360655737,784.0,31130.0,9.1
Soybean,673.0,36.0,67.0,81.0,23.0,10.0,114.0,0.7105263157894737,0.20175438596491227,1296.0,45091.0,13.7
Corn,787.0,22.0,54.0,67.0,27.0,20.0,114.0,0.5877192982456141,0.23684210526315788,484.0,42498.0,11.3
Sorghum,1000.0,25.0,96.0,76.0,17.0,19.0,112.0,0.6785714285714286,0.15178571428571427,625.0,96000.0,10.3
Rice,715.0,24.0,74.0,74.0,18.0,21.0,113.0,0.6548672566371682,0.1592920353982301,576.0,52910.0,6.2
Barley,413.0,24.0,51.0,76.0,21.0,16.0,113.0,0.672566371681416,0.18584070796460178,576.0,21063.0,11.1
Rice,641.0,34.0,59.0,87.0,21.0,19.0,127.0,0.6850393700787402,0.16535433070866143,1156.0,37819.0,6.2
Rice,1176.0,36.0,79.0,82.0,26.0,18.0,126.0,0.6507936507936508,0.20634920634920634,1296.0,92904.0,8.4
Barley,745.0,28.0,99.0,83.0,26.0,19.0,128.0,0.6484375,0.203125,784.0,73755.0,6.4
Soybean,964.0,22.0,94.0,72.0,18.0,18.0,108.0,0.6666666666666666,0.16666666666666666,484.0,90616.0,11.9
Barley,1297.0,39.0,54.0,78.0,20.0,19.0,117.0,0.6666666666666666,0.17094017094017094,1521.0,70038.0,7.1
Rice,739.0,36.0,82.0,64.0,26.0,20.0,110.0,0.5818181818181818,0.23636363636363636,1296.0,60598.0,8.9
Sorghum,491.0,29.0,50.0,71.0,27.0,22.0,120.0,0.5916666666666667,0.225,841.0,24550.0,14.0
Sorghum,766.0,22.0,67.0,60.0,17.0,12.0,89.0,0.6741573033707865,0.19101123595505617,484.0,51322.0,7.0
Sorghum,1355.0,37.0,81.0,82.0,20.0,20.0,122.0,0.6721311475409836,0.16393442622950818,1369.0,109755.0,10.1
Soybean,854.0,37.0,96.0,64.0,26.0,22.0,112.0,0.5714285714285714,0.23214285714285715,1369.0,81984.0,9.2
Wheat,827.0,36.0,98.0,67.0,16.0,14.0,97.0,0.6907216494845361,0.16494845360824742,1296.0,81046.0,5.2
Barley,908.0,22.0,60.0,72.0,22.0,17.0,111.0,0.6486486486486487,0.1981981981981982,484.0,54480.0,12.9
Sorghum,1175.0,22.0,70.0,67.0,16.0,17.0,100.0,0.67,0.16,484.0,82250.0,5.7
Barley,1342.0,25.0,75.0,84.0,25.0,13.0,122.0,0.6885245901639344,0.20491803278688525,625.0,100650.0,9.7
Sorghum,434.0,32.0,74.0,82.0,21.0,24.0,127.0,0.6456692913385826,0.16535433070866143,1024.0,32116.0,10.6
Soybean,605.0,34.0,71.0,70.0,23.0,24.0,117.0,0.5982905982905983,0.19658119658119658,1156.0,42955.0,11.3
Wheat,480.0,28.0,76.0,60.0,15.0,21.0,96.0,0.625,0.15625,784.0,36480.0,11.9
Wheat,1331.0,23.0,98.0,72.0,22.0,20.0,114.0,0.631578947368421,0.19298245614035087,529.0,130438.0,7.5
Sorghum,961.0,33.0,62.0,78.0,21.0,20.0,119.0,0.6554621848739496,0.17647058823529413,1089.0,59582.0,5.1
Soybean,1271.0,24.0,82.0,83.0,20.0,10.0,113.0,0.7345132743362832,0.17699115044247787,576.0,104222.0,12.2
Corn,787.0,21.0,83.0,62.0,20.0,10.0,92.0,0.6739130434782609,0.21739130434782608,441.0,65321.0,10.4
Barley,401.0,30.0,90.0,83.0,20.0,24.0,127.0,0.6535433070866141,0.15748031496062992,900.0,36090.0,13.4
Barley,789.0,28.0,84.0,76.0,23.0,13.0,112.0,0.6785714285714286,0.20535714285714285,784.0,66276.0,13.2
Rice,965.0,22.0,50.0,64.0,16.0,15.0,95.0,0.6736842105263158,0.16842105263157894,484.0,48250.0,13.4
Soybean,505.0,28.0,70.0,79.0,15.0,17.0,111.0,0.7117117117117117,0.13513513513513514,784.0,35350.0,9.9
Rice,1171.0,22.0,97.0,80.0,27.0,15.0,122.0,0.6557377049180327,0.22131147540983606,484.0,113587.0,8.3
Sorghum,1221.0,21.0,55.0,67.0,26.0,21.0,114.0,0.5877192982456141,0.22807017543859648,441.0,67155.0,12.9
Rice,876.0,31.0,77.0,85.0,20.0,18.0,123.0,0.6910569105691057,0.16260162601626016,961.0,67452.0,9.5
Wheat,1102.0,29.0,66.0,73.0,24.0,24.0,121.0,0.6033057851239669,0.19834710743801653,841.0,72732.0,6.8
Barley,801.0,28.0,54.0,63.0,25.0,24.0,112.0,0.5625,0.22321428571428573,784.0,43254.0,13.5
Rice,1129.0,34.0,80.0,70.0,22.0,18.0,110.0,0.6363636363636364,0.2,1156.0,90320.0,13.8
Wheat,955.0,27.0,54.0,79.0,17.0,23.0,119.0,0.6638655462184874,0.14285714285714285,729.0,51570.0,9.7
Soybean,561.0,24.0,87.0,74.0,26.0,11.0,111.0,0.6666666666666666,0.23423423423423423,576.0,48807.0,5.8
Rice,601.0,30.0,52.0,78.0,24.0,19.0,121.0,0.6446280991735537,0.19834710743801653,900.0,31252.0,8.9
Sorghum,1357.0,21.0,72.0,66.0,15.0,10.0,91.0,0.7252747252747253,0.16483516483516483,441.0,97704.0,13.0
Sorghum,1395.0,34.0,86.0,78.0,23.0,11.0,112.0,0.6964285714285714,0.20535714285714285,1156.0,119970.0,14.0
Sorghum,669.0,25.0,86.0,87.0,27.0,14.0,128.0,0.6796875,0.2109375,625.0,57534.0,7.0
Barley,1262.0,27.0,59.0,78.0,27.0,13.0,118.0,0.6610169491525424,0.2288135593220339,729.0,74458.0,5.7
Rice,1215.0,24.0,59.0,70.0,15.0,13.0,98.0,0.7142857142857143,0.15306122448979592,576.0,71685.0,13.8
Soybean,670.0,35.0,68.0,85.0,17.0,18.0,120.0,0.7083333333333334,0.14166666666666666,1225.0,45560.0,8.9
Rice,855.0,37.0,66.0,64.0,22.0,20.0,106.0,0.6037735849056604,0.20754716981132076,1369.0,56430.0,10.4
Barley,861.0,25.0,70.0,64.0,28.0,17.0,109.0,0.5871559633027523,0.25688073394495414,625.0,60270.0,14.7
Wheat,1126.0,24.0,63.0,89.0,17.0,15.0,121.0,0.7355371900826446,0.14049586776859505,576.0,70938.0,5.7
Barley,651.0,35.0,58.0,81.0,27.0,10.0,118.0,0.6864406779661016,0.2288135593220339,1225.0,37758.0,11.5
Sorghum,1101.0,32.0,95.0,67.0,18.0,11.0,96.0,0.6979166666666666,0.1875,1024.0,104595.0,5.7
Wheat,695.0,24.0,50.0,69.0,22.0,15.0,106.0,0.6509433962264151,0.20754716981132076,576.0,34750.0,8.8
Sorghum,1124.0,32.0,94.0,65.0,15.0,20.0,100.0,0.65,0.15,1024.0,105656.0,13.0
Corn,1119.0,36.0,62.0,74.0,27.0,11.0,112.0,0.6607142857142857,0.24107142857142858,1296.0,69378.0,9.3
Barley,1148.0,37.0,53.0,75.0,27.0,24.0,126.0,0.5952380952380952,0.21428571428571427,1369.0,60844.0,15.0
Barley,737.0,27.0,50.0,87.0,20.0,22.0,129.0,0.6744186046511628,0.15503875968992248,729.0,36850.0,10.6
Soybean,1278.0,32.0,98.0,76.0,15.0,19.0,110.0,0.6909090909090909,0.13636363636363635,1024.0,125244.0,8.2
Rice,452.0,38.0,89.0,67.0,28.0,14.0,109.0,0.6146788990825688,0.25688073394495414,1444.0,40228.0,7.2
Wheat,1191.0,22.0,81.0,67.0,15.0,23.0,105.0,0.638095238095238,0.14285714285714285,484.0,96471.0,8.5
Wheat,1321.0,27.0,83.0,84.0,28.0,14.0,126.0,0.6666666666666666,0.2222222222222222,729.0,109643.0,8.7
Soybean,616.0,21.0,77.0,68.0,22.0,15.0,105.0,0.6476190476190476,0.20952380952380953,441.0,47432.0,5.7
Soybean,1163.0,27.0,80.0,61.0,25.0,15.0,101.0,0.6039603960396039,0.24752475247524752,729.0,93040.0,8.7
Rice,587.0,32.0,57.0,74.0,18.0,23.0,115.0,0.6434782608695652,0.1565217391304348,1024.0,33459.0,9.6
Sorghum,779.0,32.0,88.0,77.0,26.0,15.0,118.0,0.652542372881356,0.22033898305084745,1024.0,68552.0,12.2
Rice,892.0,20.0,75.0,62.0,15.0,23.0,100.0,0.62,0.15,400.0,66900.0,11.6
Barley,440.0,25.0,83.0,76.0,24.0,11.0,111.0,0.6846846846846847,0.21621621621621623,625.0,36520.0,12.1
Sorghum,556.0,38.0,52.0,63.0,21.0,23.0,107.0,0.5887850467289719,0.19626168224299065,1444.0,28912.0,5.1
Corn,414.0,35.0,99.0,89.0,19.0,19.0,127.0,0.7007874015748031,0.14960629921259844,1225.0,40986.0,7.2
Rice,1212.0,27.0,61.0,63.0,19.0,23.0,105.0,0.6,0.18095238095238095,729.0,73932.0,11.6
Soybean,464.0,20.0,50.0,73.0,15.0,22.0,110.0,0.6636363636363637,0.13636363636363635,400.0,23200.0,9.8
Sorghum,1256.0,35.0,93.0,68.0,28.0,24.0,120.0,0.5666666666666667,0.23333333333333334,1225.0,116808.0,5.1
Rice,1238.0,28.0,54.0,68.0,24.0,23.0,115.0,0.591304347826087,0.20869565217391303,784.0,66852.0,13.0
Wheat,920.0,32.0,79.0,84.0,25.0,12.0,121.0,0.6942148760330579,0.2066115702479339,1024.0,72680.0,12.7
Corn,743.0,30.0,79.0,85.0,20.0,23.0,128.0,0.6640625,0.15625,900.0,58697.0,10.5
Barley,528.0,32.0,66.0,82.0,28.0,15.0,125.0,0.656,0.224,1024.0,34848.0,5.7
Wheat,1047.0,29.0,97.0,89.0,23.0,22.0,134.0,0.664179104477612,0.17164179104477612,841.0,101559.0,12.7
Wheat,871.0,23.0,96.0,77.0,23.0,17.0,117.0,0.6581196581196581,0.19658119658119658,529.0,83616.0,10.8
Corn,462.0,25.0,72.0,69.0,22.0,21.0,112.0,0.6160714285714286,0.19642857142857142,625.0,33264.0,12.8
Barley,538.0,26.0,64.0,80.0,19.0,22.0,121.0,0.6611570247933884,0.15702479338842976,676.0,34432.0,12.5
Soybean,898.0,24.0,86.0,63.0,15.0,20.0,98.0,0.6428571428571429,0.15306122448979592,576.0,77228.0,13.0
Sorghum,992.0,30.0,70.0,71.0,23.0,21.0,115.0,0.6173913043478261,0.2,900.0,69440.0,10.2
Barley,791.0,32.0,63.0,86.0,15.0,10.0,111.0,0.7747747747747747,0.13513513513513514,1024.0,49833.0,6.4
Rice,1074.0,38.0,51.0,67.0,22.0,10.0,99.0,0.6767676767676768,0.2222222222222222,1444.0,54774.0,11.7
Wheat,818.0,29.0,60.0,61.0,19.0,20.0,100.0,0.61,0.19,841.0,49080.0,11.2
Rice,688.0,29.0,88.0,81.0,17.0,22.0,120.0,0.675,0.14166666666666666,841.0,60544.0,12.4
Soybean,778.0,30.0,87.0,72.0,25.0,11.0,108.0,0.6666666666666666,0.23148148148148148,900.0,67686.0,6.7
Rice,1172.0,26.0,83.0,80.0,21.0,20.0,121.0,0.6611570247933884,0.17355371900826447,676.0,97276.0,6.9
Barley,889.0,37.0,87.0,75.0,21.0,24.0,120.0,0.625,0.175,1369.0,77343.0,13.9
Rice,630.0,23.0,99.0,87.0,23.0,21.0,131.0,0.6641221374045801,0.17557251908396945,529.0,62370.0,12.5
Soybean,440.0,21.0,83.0,61.0,21.0,21.0,103.0,0.5922330097087378,0.20388349514563106,441.0,36520.0,14.1
Soybean,427.0,33.0,67.0,70.0,27.0,15.0,112.0,0.625,0.24107142857142858,1089.0,28609.0,12.6
Soybean,534.0,32.0,79.0,69.0,25.0,18.0,112.0,0.6160714285714286,0.22321428571428573,1024.0,42186.0,11.0
Barley,600.0,31.0,64.0,74.0,28.0,13.0,115.0,0.6434782608695652,0.24347826086956523,961.0,38400.0,11.5
Soybean,1239.0,26.0,76.0,76.0,17.0,12.0,105.0,0.7238095238095238,0.1619047619047619,676.0,94164.0,13.9
Wheat,1179.0,21.0,83.0,67.0,25.0,21.0,113.0,0.5929203539823009,0.22123893805309736,441.0,97857.0,10.8
Soybean,1329.0,32.0,87.0,77.0,27.0,17.0,121.0,0.6363636363636364,0.2231404958677686,1024.0,115623.0,11.3
Rice,432.0,33.0,82.0,82.0,29.0,20.0,131.0,0.6259541984732825,0.22137404580152673,1089.0,35424.0,6.6
Sorghum,447.0,36.0,73.0,68.0,28.0,19.0,115.0,0.591304347826087,0.24347826086956523,1296.0,32631.0,9.7
Rice,902.0,28.0,64.0,84.0,27.0,23.0,134.0,0.6268656716417911,0.20149253731343283,784.0,57728.0,12.2
Sorghum,806.0,36.0,79.0,67.0,15.0,18.0,100.0,0.67,0.15,1296.0,63674.0,7.7
Rice,973.0,27.0,91.0,86.0,22.0,21.0,129.0,0.6666666666666666,0.17054263565891473,729.0,88543.0,7.0
Barley,1127.0,21.0,66.0,73.0,26.0,20.0,119.0,0.6134453781512605,0.2184873949579832,441.0,74382.0,8.1
Rice,1204.0,32.0,54.0,87.0,17.0,14.0,118.0,0.7372881355932204,0.1440677966101695,1024.0,65016.0,7.4
Barley,498.0,22.0,78.0,85.0,26.0,18.0,129.0,0.6589147286821705,0.20155038759689922,484.0,38844.0,7.1
Barley,1083.0,35.0,53.0,84.0,22.0,11.0,117.0,0.717948717948718,0.18803418803418803,1225.0,57399.0,9.2
Soybean,1271.0,25.0,59.0,77.0,22.0,12.0,111.0,0.6936936936936937,0.1981981981981982,625.0,74989.0,14.1
Wheat,1125.0,38.0,66.0,81.0,27.0,16.0,124.0,0.6532258064516129,0.21774193548387097,1444.0,74250.0,10.1
Sorghum,1386.0,26.0,59.0,79.0,19.0,16.0,114.0,0.6929824561403509,0.16666666666666666,676.0,81774.0,6.9
Soybean,946.0,29.0,66.0,89.0,27.0,15.0,131.0,0.6793893129770993,0.20610687022900764,841.0,62436.0,5.8
Soybean,1360.0,28.0,69.0,79.0,26.0,15.0,120.0,0.6583333333333333,0.21666666666666667,784.0,93840.0,12.0
Barley,1138.0,21.0,73.0,80.0,27.0,11.0,118.0,0.6779661016949152,0.2288135593220339,441.0,83074.0,8.8
Barley,1012.0,34.0,54.0,71.0,15.0,19.0,105.0,0.6761904761904762,0.14285714285714285,1156.0,54648.0,13.2
Sorghum,1342.0,24.0,83.0,78.0,27.0,15.0,120.0,0.65,0.225,576.0,111386.0,11.6
Rice,861.0,23.0,55.0,73.0,24.0,13.0,110.0,0.6636363636363637,0.21818181818181817,529.0,47355.0,13.0
Rice,1042.0,39.0,51.0,76.0,21.0,21.0,118.0,0.6440677966101694,0.17796610169491525,1521.0,53142.0,7.7
Soybean,1168.0,23.0,62.0,83.0,26.0,12.0,121.0,0.6859504132231405,0.21487603305785125,529.0,72416.0,11.9
Corn,404.0,37.0,92.0,80.0,24.0,22.0,126.0,0.6349206349206349,0.19047619047619047,1369.0,37168.0,7.6
Corn,617.0,23.0,92.0,62.0,19.0,20.0,101.0,0.6138613861386139,0.18811881188118812,529.0,56764.0,14.4
Rice,902.0,36.0,97.0,85.0,22.0,22.0,129.0,0.6589147286821705,0.17054263565891473,1296.0,87494.0,11.4
Corn,1166.0,31.0,60.0,89.0,23.0,11.0,123.0,0.7235772357723578,0.18699186991869918,961.0,69960.0,8.2
Rice,797.0,36.0,96.0,82.0,25.0,10.0,117.0,0.7008547008547008,0.21367521367521367,1296.0,76512.0,7.7
Barley,1270.0,29.0,72.0,66.0,28.0,20.0,114.0,0.5789473684210527,0.24561403508771928,841.0,91440.0,6.9
Soybean,1194.0,20.0,65.0,76.0,21.0,20.0,117.0,0.6495726495726496,0.1794871794871795,400.0,77610.0,11.9
Wheat,792.0,37.0,80.0,71.0,28.0,14.0,113.0,0.6283185840707964,0.24778761061946902,1369.0,63360.0,7.2
Soybean,606.0,37.0,60.0,68.0,27.0,11.0,106.0,0.6415094339622641,0.25471698113207547,1369.0,36360.0,11.0
Rice,414.0,33.0,65.0,74.0,29.0,11.0,114.0,0.6491228070175439,0.2543859649122807,1089.0,26910.0,7.6
Rice,1257.0,34.0,57.0,77.0,21.0,16.0,114.0,0.6754385964912281,0.18421052631578946,1156.0,71649.0,11.6
Soybean,953.0,31.0,53.0,80.0,15.0,17.0,112.0,0.7142857142857143,0.13392857142857142,961.0,50509.0,13.1
Sorghum,1291.0,23.0,89.0,72.0,29.0,22.0,123.0,0.5853658536585366,0.23577235772357724,529.0,114899.0,12.8
Rice,860.0,22.0,53.0,89.0,18.0,19.0,126.0,0.7063492063492064,0.14285714285714285,484.0,45580.0,12.6
Corn,1090.0,39.0,74.0,80.0,16.0,17.0,113.0,0.7079646017699115,0.1415929203539823,1521.0,80660.0,6.9
Corn,974.0,31.0,52.0,89.0,16.0,23.0,128.0,0.6953125,0.125,961.0,50648.0,5.9
Rice,1263.0,26.0,81.0,67.0,16.0,13.0,96.0,0.6979166666666666,0.16666666666666666,676.0,102303.0,12.0
Rice,1142.0,30.0,52.0,73.0,18.0,24.0,115.0,0.6347826086956522,0.1565217391304348,900.0,59384.0,8.7
Sorghum,640.0,20.0,76.0,67.0,28.0,23.0,118.0,0.5677966101694916,0.23728813559322035,400.0,48640.0,9.3
Corn,963.0,25.0,78.0,73.0,15.0,10.0,98.0,0.7448979591836735,0.15306122448979592,625.0,75114.0,5.3
Rice,495.0,34.0,81.0,66.0,29.0,20.0,115.0,0.5739130434782609,0.25217391304347825,1156.0,40095.0,7.6
Rice,1299.0,34.0,99.0,82.0,18.0,16.0,116.0,0.7068965517241379,0.15517241379310345,1156.0,128601.0,5.3
Sorghum,1133.0,38.0,68.0,71.0,16.0,10.0,97.0,0.7319587628865979,0.16494845360824742,1444.0,77044.0,13.8
Sorghum,884.0,30.0,70.0,70.0,19.0,20.0,109.0,0.6422018348623854,0.1743119266055046,900.0,61880.0,7.4
Soybean,806.0,21.0,54.0,81.0,17.0,13.0,111.0,0.7297297297297297,0.15315315315315314,441.0,43524.0,10.6
Sorghum,630.0,33.0,67.0,81.0,29.0,17.0,127.0,0.6377952755905512,0.2283464566929134,1089.0,42210.0,5.4
Wheat,1148.0,21.0,77.0,70.0,26.0,11.0,107.0,0.6542056074766355,0.24299065420560748,441.0,88396.0,11.7
Corn,1054.0,23.0,91.0,84.0,22.0,15.0,121.0,0.6942148760330579,0.18181818181818182,529.0,95914.0,8.2
Soybean,570.0,36.0,71.0,81.0,18.0,22.0,121.0,0.6694214876033058,0.1487603305785124,1296.0,40470.0,14.0
Wheat,940.0,22.0,70.0,87.0,15.0,15.0,117.0,0.7435897435897436,0.1282051282051282,484.0,65800.0,13.9
Rice,435.0,32.0,55.0,88.0,15.0,21.0,124.0,0.7096774193548387,0.12096774193548387,1024.0,23925.0,8.3
Rice,924.0,28.0,50.0,72.0,26.0,18.0,116.0,0.6206896551724138,0.22413793103448276,784.0,46200.0,14.0
Soybean,559.0,26.0,54.0,77.0,24.0,14.0,115.0,0.6695652173913044,0.20869565217391303,676.0,30186.0,15.0
Sorghum,1238.0,34.0,90.0,61.0,17.0,19.0,97.0,0.6288659793814433,0.17525773195876287,1156.0,111420.0,13.3
Rice,1098.0,30.0,61.0,88.0,29.0,13.0,130.0,0.676923076923077,0.2230769230769231,900.0,66978.0,13.4
Barley,642.0,39.0,75.0,80.0,23.0,14.0,117.0,0.6837606837606838,0.19658119658119658,1521.0,48150.0,7.5
Soybean,485.0,21.0,95.0,74.0,21.0,21.0,116.0,0.6379310344827587,0.1810344827586207,441.0,46075.0,10.8
Wheat,1195.0,34.0,83.0,79.0,16.0,21.0,116.0,0.6810344827586207,0.13793103448275862,1156.0,99185.0,5.7
Soybean,977.0,33.0,98.0,86.0,29.0,19.0,134.0,0.6417910447761194,0.21641791044776118,1089.0,95746.0,5.9
Corn,1081.0,39.0,63.0,77.0,27.0,24.0,128.0,0.6015625,0.2109375,1521.0,68103.0,15.0
Sorghum,956.0,30.0,75.0,74.0,23.0,20.0,117.0,0.6324786324786325,0.19658119658119658,900.0,71700.0,8.3
Sorghum,973.0,22.0,94.0,78.0,24.0,14.0,116.0,0.6724137931034483,0.20689655172413793,484.0,91462.0,12.5
Soybean,1352.0,36.0,76.0,82.0,16.0,17.0,115.0,0.7130434782608696,0.1391304347826087,1296.0,102752.0,13.1
Rice,1045.0,31.0,58.0,83.0,17.0,19.0,119.0,0.6974789915966386,0.14285714285714285,961.0,60610.0,13.6
Rice,1195.0,34.0,75.0,71.0,25.0,21.0,117.0,0.6068376068376068,0.21367521367521367,1156.0,89625.0,15.0
Barley,427.0,35.0,96.0,72.0,27.0,17.0,116.0,0.6206896551724138,0.23275862068965517,1225.0,40992.0,7.4
Barley,1019.0,24.0,71.0,81.0,24.0,11.0,116.0,0.6982758620689655,0.20689655172413793,576.0,72349.0,5.4
Sorghum,955.0,39.0,96.0,70.0,28.0,16.0,114.0,0.6140350877192983,0.24561403508771928,1521.0,91680.0,9.1
Barley,739.0,25.0,79.0,64.0,16.0,17.0,97.0,0.6597938144329897,0.16494845360824742,625.0,58381.0,6.3
Wheat,1197.0,38.0,92.0,88.0,17.0,20.0,125.0,0.704,0.136,1444.0,110124.0,5.2
Barley,1357.0,24.0,97.0,60.0,20.0,15.0,95.0,0.631578947368421,0.21052631578947367,576.0,131629.0,8.6
Wheat,730.0,22.0,66.0,83.0,23.0,14.0,120.0,0.6916666666666667,0.19166666666666668,484.0,48180.0,12.8
Barley,1039.0,20.0,75.0,62.0,23.0,20.0,105.0,0.5904761904761905,0.21904761904761905,400.0,77925.0,10.7
Sorghum,905.0,25.0,85.0,81.0,21.0,18.0,120.0,0.675,0.175,625.0,76925.0,8.1
Sorghum,747.0,34.0,50.0,78.0,26.0,22.0,126.0,0.6190476190476191,0.20634920634920634,1156.0,37350.0,11.5
Wheat,872.0,21.0,57.0,82.0,17.0,12.0,111.0,0.7387387387387387,0.15315315315315314,441.0,49704.0,7.3
Soybean,630.0,22.0,98.0,88.0,18.0,21.0,127.0,0.6929133858267716,0.14173228346456693,484.0,61740.0,5.1
Sorghum,589.0,36.0,84.0,89.0,20.0,22.0,131.0,0.6793893129770993,0.15267175572519084,1296.0,49476.0,12.6
Soybean,624.0,31.0,64.0,66.0,25.0,22.0,113.0,0.584070796460177,0.22123893805309736,961.0,39936.0,11.2
Rice,784.0,37.0,96.0,71.0,19.0,19.0,109.0,0.6513761467889908,0.1743119266055046,1369.0,75264.0,12.6
Wheat,776.0,34.0,71.0,74.0,16.0,13.0,103.0,0.7184466019417476,0.1553398058252427,1156.0,55096.0,5.4
Sorghum,682.0,31.0,63.0,84.0,27.0,18.0,129.0,0.6511627906976745,0.20930232558139536,961.0,42966.0,13.4
Corn,1357.0,35.0,75.0,64.0,20.0,15.0,99.0,0.6464646464646465,0.20202020202020202,1225.0,101775.0,11.2
Rice,1032.0,27.0,77.0,74.0,17.0,17.0,108.0,0.6851851851851852,0.1574074074074074,729.0,79464.0,10.6
Soybean,1027.0,33.0,72.0,67.0,28.0,16.0,111.0,0.6036036036036037,0.25225225225225223,1089.0,73944.0,11.2
Sorghum,1372.0,36.0,63.0,69.0,22.0,20.0,111.0,0.6216216216216216,0.1981981981981982,1296.0,86436.0,13.6
Wheat,1144.0,27.0,73.0,85.0,16.0,11.0,112.0,0.7589285714285714,0.14285714285714285,729.0,83512.0,10.9
Barley,658.0,34.0,51.0,75.0,15.0,12.0,102.0,0.7352941176470589,0.14705882352941177,1156.0,33558.0,10.8
Corn,758.0,33.0,94.0,67.0,23.0,10.0,100.0,0.67,0.23,1089.0,71252.0,14.9
Soybean,1109.0,37.0,75.0,60.0,28.0,18.0,106.0,0.5660377358490566,0.2641509433962264,1369.0,83175.0,12.6
Rice,855.0,39.0,63.0,71.0,26.0,22.0,119.0,0.5966386554621849,0.2184873949579832,1521.0,53865.0,9.4
Wheat,810.0,26.0,56.0,64.0,17.0,16.0,97.0,0.6597938144329897,0.17525773195876287,676.0,45360.0,12.1
Corn,1048.0,22.0,52.0,62.0,25.0,10.0,97.0,0.6391752577319587,0.25773195876288657,484.0,54496.0,8.9
Wheat,717.0,31.0,96.0,60.0,15.0,12.0,87.0,0.6896551724137931,0.1724137931034483,961.0,68832.0,7.3
Sorghum,1076.0,22.0,72.0,63.0,21.0,13.0,97.0,0.6494845360824743,0.21649484536082475,484.0,77472.0,11.0
Barley,624.0,39.0,95.0,67.0,27.0,13.0,107.0,0.6261682242990654,0.2523364485981308,1521.0,59280.0,14.3
Rice,1218.0,33.0,92.0,62.0,29.0,14.0,105.0,0.5904761904761905,0.2761904761904762,1089.0,112056.0,14.3
Wheat,633.0,34.0,96.0,69.0,24.0,23.0,116.0,0.5948275862068966,0.20689655172413793,1156.0,60768.0,8.4
Soybean,1083.0,33.0,94.0,61.0,19.0,12.0,92.0,0.6630434782608695,0.20652173913043478,1089.0,101802.0,10.3
Sorghum,1063.0,26.0,67.0,70.0,19.0,12.0,101.0,0.693069306930693,0.18811881188118812,676.0,71221.0,7.1
Sorghum,1374.0,36.0,87.0,84.0,28.0,10.0,122.0,0.6885245901639344,0.22950819672131148,1296.0,119538.0,15.0
Rice,1226.0,31.0,84.0,69.0,15.0,16.0,100.0,0.69,0.15,961.0,102984.0,14.8
Sorghum,773.0,39.0,64.0,80.0,29.0,20.0,129.0,0.6201550387596899,0.2248062015503876,1521.0,49472.0,11.5
Soybean,1071.0,23.0,74.0,73.0,29.0,19.0,121.0,0.6033057851239669,0.2396694214876033,529.0,79254.0,13.0
Wheat,1007.0,28.0,86.0,66.0,23.0,23.0,112.0,0.5892857142857143,0.20535714285714285,784.0,86602.0,12.2
Rice,871.0,25.0,77.0,86.0,21.0,10.0,117.0,0.7350427350427351,0.1794871794871795,625.0,67067.0,10.9
Sorghum,632.0,35.0,59.0,86.0,22.0,11.0,119.0,0.7226890756302521,0.18487394957983194,1225.0,37288.0,5.5
Sorghum,1091.0,21.0,88.0,61.0,23.0,22.0,106.0,0.5754716981132075,0.2169811320754717,441.0,96008.0,9.5
Soybean,512.0,27.0,66.0,68.0,20.0,13.0,101.0,0.6732673267326733,0.19801980198019803,729.0,33792.0,11.7
Barley,1229.0,30.0,88.0,75.0,26.0,22.0,123.0,0.6097560975609756,0.21138211382113822,900.0,108152.0,11.8
Barley,896.0,32.0,71.0,72.0,19.0,13.0,104.0,0.6923076923076923,0.18269230769230768,1024.0,63616.0,8.7
Sorghum,841.0,36.0,75.0,68.0,20.0,14.0,102.0,0.6666666666666666,0.19607843137254902,1296.0,63075.0,14.4
Wheat,963.0,27.0,93.0,79.0,25.0,20.0,124.0,0.6370967741935484,0.20161290322580644,729.0,89559.0,6.7
Rice,667.0,37.0,74.0,63.0,16.0,11.0,90.0,0.7,0.17777777777777778,1369.0,49358.0,10.0
Sorghum,909.0,37.0,66.0,81.0,18.0,13.0,112.0,0.7232142857142857,0.16071428571428573,1369.0,59994.0,11.9
Corn,1206.0,33.0,62.0,69.0,17.0,10.0,96.0,0.71875,0.17708333333333334,1089.0,74772.0,12.0
Rice,785.0,34.0,69.0,85.0,27.0,11.0,123.0,0.6910569105691057,0.21951219512195122,1156.0,54165.0,11.5
Barley,786.0,25.0,74.0,85.0,21.0,10.0,116.0,0.7327586206896551,0.1810344827586207,625.0,58164.0,7.8
Sorghum,512.0,30.0,53.0,81.0,23.0,19.0,123.0,0.6585365853658537,0.18699186991869918,900.0,27136.0,6.6
Soybean,1012.0,32.0,59.0,71.0,19.0,19.0,109.0,0.6513761467889908,0.1743119266055046,1024.0,59708.0,11.4
Corn,1024.0,20.0,52.0,76.0,20.0,22.0,118.0,0.6440677966101694,0.1694915254237288,400.0,53248.0,11.0
Sorghum,1351.0,25.0,90.0,73.0,24.0,13.0,110.0,0.6636363636363637,0.21818181818181817,625.0,121590.0,6.8
Wheat,480.0,28.0,94.0,73.0,28.0,13.0,114.0,0.6403508771929824,0.24561403508771928,784.0,45120.0,12.1
Corn,1098.0,27.0,67.0,84.0,26.0,16.0,126.0,0.6666666666666666,0.20634920634920634,729.0,73566.0,9.6
Sorghum,512.0,30.0,96.0,61.0,26.0,19.0,106.0,0.5754716981132075,0.24528301886792453,900.0,49152.0,11.7
Wheat,401.0,38.0,85.0,80.0,16.0,20.0,116.0,0.6896551724137931,0.13793103448275862,1444.0,34085.0,13.4
Corn,1041.0,28.0,96.0,84.0,17.0,20.0,121.0,0.6942148760330579,0.14049586776859505,784.0,99936.0,6.7
Wheat,619.0,36.0,71.0,79.0,17.0,18.0,114.0,0.6929824561403509,0.14912280701754385,1296.0,43949.0,5.2
Wheat,965.0,31.0,83.0,70.0,26.0,18.0,114.0,0.6140350877192983,0.22807017543859648,961.0,80095.0,12.8
Corn,1254.0,33.0,96.0,75.0,26.0,14.0,115.0,0.6521739130434783,0.22608695652173913,1089.0,120384.0,11.1
Corn,1396.0,34.0,57.0,78.0,29.0,19.0,126.0,0.6190476190476191,0.23015873015873015,1156.0,79572.0,12.0
Wheat,1135.0,35.0,89.0,82.0,23.0,10.0,115.0,0.7130434782608696,0.2,1225.0,101015.0,13.4
Barley,624.0,39.0,98.0,65.0,29.0,10.0,104.0,0.625,0.27884615384615385,1521.0,61152.0,13.0
Corn,784.0,20.0,93.0,83.0,21.0,15.0,119.0,0.6974789915966386,0.17647058823529413,400.0,72912.0,14.6
Sorghum,802.0,29.0,68.0,78.0,22.0,11.0,111.0,0.7027027027027027,0.1981981981981982,841.0,54536.0,10.4
Rice,1037.0,27.0,91.0,64.0,25.0,17.0,106.0,0.6037735849056604,0.2358490566037736,729.0,94367.0,9.9
Soybean,529.0,37.0,90.0,85.0,24.0,22.0,131.0,0.648854961832061,0.183206106870229,1369.0,47610.0,9.0
Wheat,452.0,20.0,86.0,63.0,25.0,18.0,106.0,0.5943396226415094,0.2358490566037736,400.0,38872.0,6.5
Wheat,1083.0,21.0,55.0,74.0,23.0,22.0,119.0,0.6218487394957983,0.19327731092436976,441.0,59565.0,10.7
Soybean,1129.0,20.0,75.0,88.0,20.0,13.0,121.0,0.7272727272727273,0.1652892561983471,400.0,84675.0,7.8
Barley,1071.0,20.0,83.0,63.0,18.0,14.0,95.0,0.6631578947368421,0.18947368421052632,400.0,88893.0,14.2
Soybean,1109.0,28.0,94.0,79.0,26.0,20.0,125.0,0.632,0.208,784.0,104246.0,10.8
Corn,815.0,32.0,55.0,69.0,15.0,17.0,101.0,0.6831683168316832,0.1485148514851485,1024.0,44825.0,10.9
Soybean,646.0,20.0,86.0,83.0,22.0,12.0,117.0,0.7094017094017094,0.18803418803418803,400.0,55556.0,8.5
Wheat,1235.0,32.0,82.0,81.0,21.0,14.0,116.0,0.6982758620689655,0.1810344827586207,1024.0,101270.0,5.5
Soybean,838.0,39.0,71.0,62.0,16.0,12.0,90.0,0.6888888888888889,0.17777777777777778,1521.0,59498.0,5.3
Rice,602.0,26.0,70.0,85.0,22.0,21.0,128.0,0.6640625,0.171875,676.0,42140.0,9.2
Sorghum,583.0,21.0,55.0,64.0,26.0,19.0,109.0,0.5871559633027523,0.23853211009174313,441.0,32065.0,5.8
Corn,522.0,25.0,55.0,65.0,19.0,12.0,96.0,0.6770833333333334,0.19791666666666666,625.0,28710.0,11.1
Soybean,800.0,26.0,97.0,80.0,21.0,12.0,113.0,0.7079646017699115,0.18584070796460178,676.0,77600.0,13.8
Wheat,1166.0,33.0,53.0,81.0,18.0,22.0,121.0,0.6694214876033058,0.1487603305785124,1089.0,61798.0,13.8
Sorghum,693.0,37.0,79.0,67.0,19.0,21.0,107.0,0.6261682242990654,0.17757009345794392,1369.0,54747.0,11.6
Corn,679.0,34.0,60.0,66.0,22.0,16.0,104.0,0.6346153846153846,0.21153846153846154,1156.0,40740.0,7.1
Wheat,1236.0,21.0,79.0,80.0,15.0,24.0,119.0,0.6722689075630253,0.12605042016806722,441.0,97644.0,13.6
Barley,1283.0,29.0,80.0,69.0,15.0,16.0,100.0,0.69,0.15,841.0,102640.0,13.9
Rice,1009.0,31.0,73.0,65.0,29.0,16.0,110.0,0.5909090909090909,0.2636363636363636,961.0,73657.0,7.0
Barley,597.0,36.0,58.0,73.0,18.0,19.0,110.0,0.6636363636363637,0.16363636363636364,1296.0,34626.0,12.4
Rice,1381.0,27.0,52.0,63.0,17.0,17.0,97.0,0.6494845360824743,0.17525773195876287,729.0,71812.0,7.9
Soybean,1306.0,30.0,80.0,87.0,27.0,14.0,128.0,0.6796875,0.2109375,900.0,104480.0,13.0
Corn,910.0,22.0,89.0,84.0,24.0,14.0,122.0,0.6885245901639344,0.19672131147540983,484.0,80990.0,15.0
Soybean,1151.0,25.0,86.0,72.0,26.0,23.0,121.0,0.5950413223140496,0.21487603305785125,625.0,98986.0,5.3
Rice,543.0,28.0,85.0,79.0,16.0,13.0,108.0,0.7314814814814815,0.14814814814814814,784.0,46155.0,14.0
Rice,1008.0,25.0,73.0,76.0,26.0,16.0,118.0,0.6440677966101694,0.22033898305084745,625.0,73584.0,11.2
Rice,600.0,28.0,80.0,82.0,17.0,19.0,118.0,0.6949152542372882,0.1440677966101695,784.0,48000.0,14.7
Sorghum,523.0,26.0,55.0,66.0,25.0,13.0,104.0,0.6346153846153846,0.2403846153846154,676.0,28765.0,9.7
Wheat,586.0,28.0,51.0,63.0,29.0,24.0,116.0,0.5431034482758621,0.25,784.0,29886.0,13.5
Corn,725.0,37.0,69.0,88.0,29.0,11.0,128.0,0.6875,0.2265625,1369.0,50025.0,5.6
Soybean,863.0,31.0,77.0,73.0,25.0,13.0,111.0,0.6576576576576577,0.22522522522522523,961.0,66451.0,8.4
Soybean,748.0,27.0,60.0,62.0,28.0,22.0,112.0,0.5535714285714286,0.25,729.0,44880.0,5.7
Barley,1170.0,27.0,53.0,83.0,25.0,22.0,130.0,0.6384615384615384,0.19230769230769232,729.0,62010.0,14.8
Rice,1059.0,37.0,64.0,64.0,15.0,17.0,96.0,0.6666666666666666,0.15625,1369.0,67776.0,13.2
Rice,1163.0,39.0,55.0,75.0,15.0,18.0,108.0,0.6944444444444444,0.1388888888888889,1521.0,63965.0,13.5
Rice,1354.0,34.0,98.0,85.0,20.0,12.0,117.0,0.7264957264957265,0.17094017094017094,1156.0,132692.0,14.4
Soybean,1331.0,26.0,79.0,82.0,19.0,16.0,117.0,0.7008547008547008,0.1623931623931624,676.0,105149.0,5.9
Barley,802.0,30.0,87.0,79.0,22.0,23.0,124.0,0.6370967741935484,0.1774193548387097,900.0,69774.0,8.9
Wheat,745.0,39.0,51.0,63.0,16.0,21.0,100.0,0.63,0.16,1521.0,37995.0,5.7
Sorghum,1362.0,35.0,64.0,83.0,18.0,23.0,124.0,0.6693548387096774,0.14516129032258066,1225.0,87168.0,7.1
Corn,910.0,23.0,60.0,89.0,22.0,18.0,129.0,0.689922480620155,0.17054263565891473,529.0,54600.0,7.3
Wheat,546.0,25.0,57.0,83.0,26.0,20.0,129.0,0.6434108527131783,0.20155038759689922,625.0,31122.0,9.7
Soybean,547.0,22.0,75.0,61.0,20.0,13.0,94.0,0.648936170212766,0.2127659574468085,484.0,41025.0,7.7
Sorghum,1263.0,28.0,94.0,89.0,15.0,19.0,123.0,0.7235772357723578,0.12195121951219512,784.0,118722.0,6.0
Sorghum,1110.0,29.0,93.0,77.0,29.0,24.0,130.0,0.5923076923076923,0.2230769230769231,841.0,103230.0,6.7
Sorghum,1219.0,33.0,54.0,78.0,18.0,12.0,108.0,0.7222222222222222,0.16666666666666666,1089.0,65826.0,6.5
Rice,888.0,30.0,55.0,87.0,15.0,14.0,116.0,0.75,0.12931034482758622,900.0,48840.0,14.7
Corn,1328.0,37.0,75.0,87.0,27.0,10.0,124.0,0.7016129032258065,0.21774193548387097,1369.0,99600.0,12.6
Soybean,1335.0,31.0,53.0,78.0,16.0,12.0,106.0,0.7358490566037735,0.1509433962264151,961.0,70755.0,14.7
Soybean,1039.0,31.0,68.0,76.0,19.0,24.0,119.0,0.6386554621848739,0.15966386554621848,961.0,70652.0,9.4
Sorghum,950.0,32.0,69.0,73.0,28.0,17.0,118.0,0.6186440677966102,0.23728813559322035,1024.0,65550.0,7.8
Soybean,737.0,32.0,82.0,78.0,22.0,20.0,120.0,0.65,0.18333333333333332,1024.0,60434.0,13.0
Corn,1271.0,38.0,69.0,81.0,22.0,17.0,120.0,0.675,0.18333333333333332,1444.0,87699.0,8.3
Corn,1040.0,38.0,98.0,83.0,25.0,24.0,132.0,0.6287878787878788,0.1893939393939394,1444.0,101920.0,8.0
Barley,1178.0,33.0,61.0,72.0,17.0,22.0,111.0,0.6486486486486487,0.15315315315315314,1089.0,71858.0,7.3
Barley,1387.0,23.0,96.0,71.0,25.0,13.0,109.0,0.6513761467889908,0.22935779816513763,529.0,133152.0,6.3
Wheat,1352.0,32.0,50.0,89.0,27.0,11.0,127.0,0.7007874015748031,0.2125984251968504,1024.0,67600.0,7.6
Corn,872.0,27.0,75.0,85.0,18.0,22.0,125.0,0.68,0.144,729.0,65400.0,8.6
Corn,1345.0,38.0,63.0,65.0,24.0,17.0,106.0,0.6132075471698113,0.22641509433962265,1444.0,84735.0,11.7
Corn,550.0,31.0,87.0,80.0,25.0,17.0,122.0,0.6557377049180327,0.20491803278688525,961.0,47850.0,5.6
Barley,814.0,37.0,86.0,63.0,28.0,19.0,110.0,0.5727272727272728,0.2545454545454545,1369.0,70004.0,7.1
Sorghum,1389.0,25.0,60.0,78.0,20.0,13.0,111.0,0.7027027027027027,0.18018018018018017,625.0,83340.0,13.1
Sorghum,697.0,37.0,85.0,75.0,25.0,12.0,112.0,0.6696428571428571,0.22321428571428573,1369.0,59245.0,6.5
Soybean,1010.0,38.0,62.0,72.0,25.0,11.0,108.0,0.6666666666666666,0.23148148148148148,1444.0,62620.0,8.4
Sorghum,662.0,24.0,92.0,63.0,24.0,18.0,105.0,0.6,0.22857142857142856,576.0,60904.0,13.6
Rice,1163.0,28.0,52.0,89.0,17.0,10.0,116.0,0.7672413793103449,0.14655172413793102,784.0,60476.0,6.5
Barley,543.0,22.0,82.0,82.0,16.0,16.0,114.0,0.7192982456140351,0.14035087719298245,484.0,44526.0,5.8
Corn,745.0,29.0,55.0,76.0,20.0,14.0,110.0,0.6909090909090909,0.18181818181818182,841.0,40975.0,9.8
Sorghum,1023.0,38.0,99.0,82.0,25.0,17.0,124.0,0.6612903225806451,0.20161290322580644,1444.0,101277.0,8.0
Barley,971.0,22.0,59.0,60.0,27.0,13.0,100.0,0.6,0.27,484.0,57289.0,10.6
Sorghum,1280.0,34.0,54.0,77.0,29.0,16.0,122.0,0.6311475409836066,0.23770491803278687,1156.0,69120.0,13.0
Wheat,401.0,20.0,72.0,79.0,19.0,22.0,120.0,0.6583333333333333,0.15833333333333333,400.0,28872.0,6.4
Corn,1296.0,26.0,59.0,76.0,28.0,14.0,118.0,0.6440677966101694,0.23728813559322035,676.0,76464.0,10.8
Wheat,703.0,31.0,93.0,86.0,24.0,24.0,134.0,0.6417910447761194,0.1791044776119403,961.0,65379.0,10.1
Corn,653.0,36.0,51.0,87.0,19.0,23.0,129.0,0.6744186046511628,0.14728682170542637,1296.0,33303.0,6.4
Barley,1051.0,39.0,62.0,86.0,24.0,14.0,124.0,0.6935483870967742,0.1935483870967742,1521.0,65162.0,11.2
Soybean,852.0,24.0,89.0,74.0,27.0,23.0,124.0,0.5967741935483871,0.21774193548387097,576.0,75828.0,7.7
Sorghum,436.0,23.0,51.0,70.0,19.0,18.0,107.0,0.6542056074766355,0.17757009345794392,529.0,22236.0,9.9
Sorghum,559.0,31.0,69.0,84.0,24.0,18.0,126.0,0.6666666666666666,0.19047619047619047,961.0,38571.0,5.8
Rice,408.0,39.0,50.0,87.0,26.0,22.0,135.0,0.6444444444444445,0.1925925925925926,1521.0,20400.0,9.6
Wheat,632.0,37.0,86.0,81.0,19.0,18.0,118.0,0.6864406779661016,0.16101694915254236,1369.0,54352.0,8.1
Sorghum,498.0,36.0,58.0,72.0,17.0,21.0,110.0,0.6545454545454545,0.15454545454545454,1296.0,28884.0,13.2
Barley,1058.0,38.0,66.0,60.0,21.0,15.0,96.0,0.625,0.21875,1444.0,69828.0,5.6
Soybean,1215.0,28.0,58.0,76.0,20.0,15.0,111.0,0.6846846846846847,0.18018018018018017,784.0,70470.0,9.2
Barley,607.0,23.0,60.0,65.0,18.0,14.0,97.0,0.6701030927835051,0.18556701030927836,529.0,36420.0,9.6
Wheat,530.0,21.0,64.0,63.0,16.0,18.0,97.0,0.6494845360824743,0.16494845360824742,441.0,33920.0,12.3
Rice,803.0,23.0,73.0,79.0,26.0,19.0,124.0,0.6370967741935484,0.20967741935483872,529.0,58619.0,10.7
Sorghum,551.0,21.0,87.0,75.0,23.0,17.0,115.0,0.6521739130434783,0.2,441.0,47937.0,11.7
Barley,453.0,34.0,84.0,74.0,15.0,16.0,105.0,0.7047619047619048,0.14285714285714285,1156.0,38052.0,12.8
Corn,519.0,21.0,79.0,86.0,27.0,16.0,129.0,0.6666666666666666,0.20930232558139536,441.0,41001.0,13.6
Soybean,1072.0,23.0,80.0,74.0,27.0,15.0,116.0,0.6379310344827587,0.23275862068965517,529.0,85760.0,8.1
Barley,1319.0,25.0,98.0,65.0,25.0,14.0,104.0,0.625,0.2403846153846154,625.0,129262.0,10.4
Soybean,1027.0,26.0,54.0,74.0,29.0,22.0,125.0,0.592,0.232,676.0,55458.0,13.4
Sorghum,986.0,29.0,93.0,73.0,28.0,13.0,114.0,0.6403508771929824,0.24561403508771928,841.0,91698.0,14.9
Corn,1024.0,38.0,99.0,87.0,18.0,12.0,117.0,0.7435897435897436,0.15384615384615385,1444.0,101376.0,13.9
Rice,1367.0,38.0,63.0,70.0,15.0,12.0,97.0,0.7216494845360825,0.15463917525773196,1444.0,86121.0,8.7
Rice,819.0,31.0,60.0,66.0,27.0,15.0,108.0,0.6111111111111112,0.25,961.0,49140.0,7.0
Corn,821.0,22.0,58.0,68.0,20.0,24.0,112.0,0.6071428571428571,0.17857142857142858,484.0,47618.0,9.9
Soybean,503.0,32.0,83.0,85.0,18.0,13.0,116.0,0.7327586206896551,0.15517241379310345,1024.0,41749.0,12.4
Sorghum,1251.0,37.0,61.0,75.0,19.0,21.0,115.0,0.6521739130434783,0.16521739130434782,1369.0,76311.0,9.9
Barley,653.0,27.0,84.0,64.0,19.0,21.0,104.0,0.6153846153846154,0.18269230769230768,729.0,54852.0,9.8
Corn,626.0,34.0,84.0,84.0,23.0,15.0,122.0,0.6885245901639344,0.1885245901639344,1156.0,52584.0,13.4
Wheat,511.0,20.0,50.0,79.0,15.0,12.0,106.0,0.7452830188679245,0.14150943396226415,400.0,25550.0,8.6
Soybean,909.0,22.0,89.0,88.0,27.0,24.0,139.0,0.6330935251798561,0.19424460431654678,484.0,80901.0,13.6
Rice,872.0,27.0,71.0,69.0,16.0,13.0,98.0,0.7040816326530612,0.16326530612244897,729.0,61912.0,9.1
Corn,498.0,23.0,78.0,77.0,27.0,24.0,128.0,0.6015625,0.2109375,529.0,38844.0,8.3
Rice,552.0,35.0,57.0,62.0,20.0,18.0,100.0,0.62,0.2,1225.0,31464.0,9.5
Soybean,1260.0,29.0,60.0,72.0,19.0,14.0,105.0,0.6857142857142857,0.18095238095238095,841.0,75600.0,12.6
Rice,1313.0,31.0,90.0,70.0,25.0,22.0,117.0,0.5982905982905983,0.21367521367521367,961.0,118170.0,6.3
Corn,1295.0,33.0,86.0,76.0,21.0,16.0,113.0,0.672566371681416,0.18584070796460178,1089.0,111370.0,7.0
Soybean,1277.0,33.0,63.0,89.0,17.0,19.0,125.0,0.712,0.136,1089.0,80451.0,14.5
Wheat,737.0,21.0,79.0,89.0,17.0,11.0,117.0,0.7606837606837606,0.1452991452991453,441.0,58223.0,6.8
Corn,1105.0,24.0,84.0,81.0,24.0,23.0,128.0,0.6328125,0.1875,576.0,92820.0,10.7
Barley,1221.0,24.0,70.0,72.0,16.0,23.0,111.0,0.6486486486486487,0.14414414414414414,576.0,85470.0,10.8
Sorghum,562.0,25.0,86.0,65.0,27.0,14.0,106.0,0.6132075471698113,0.25471698113207547,625.0,48332.0,9.9
Corn,1119.0,32.0,54.0,76.0,17.0,18.0,111.0,0.6846846846846847,0.15315315315315314,1024.0,60426.0,11.4
Soybean,1356.0,28.0,68.0,86.0,24.0,20.0,130.0,0.6615384615384615,0.18461538461538463,784.0,92208.0,7.3
Sorghum,1080.0,34.0,63.0,72.0,15.0,12.0,99.0,0.7272727272727273,0.15151515151515152,1156.0,68040.0,10.5
Corn,1395.0,33.0,75.0,78.0,19.0,23.0,120.0,0.65,0.15833333333333333,1089.0,104625.0,8.7
Wheat,560.0,26.0,53.0,80.0,28.0,18.0,126.0,0.6349206349206349,0.2222222222222222,676.0,29680.0,11.6
Wheat,979.0,39.0,74.0,78.0,29.0,23.0,130.0,0.6,0.2230769230769231,1521.0,72446.0,6.4
Barley,1200.0,21.0,94.0,69.0,26.0,20.0,115.0,0.6,0.22608695652173913,441.0,112800.0,10.7
Rice,797.0,26.0,91.0,62.0,19.0,24.0,105.0,0.5904761904761905,0.18095238095238095,676.0,72527.0,6.9
Sorghum,676.0,25.0,74.0,73.0,26.0,15.0,114.0,0.6403508771929824,0.22807017543859648,625.0,50024.0,7.8
Soybean,1215.0,36.0,67.0,85.0,25.0,13.0,123.0,0.6910569105691057,0.2032520325203252,1296.0,81405.0,7.2
Soybean,1315.0,21.0,89.0,78.0,21.0,16.0,115.0,0.6782608695652174,0.1826086956521739,441.0,117035.0,6.8
Rice,903.0,22.0,57.0,64.0,18.0,17.0,99.0,0.6464646464646465,0.18181818181818182,484.0,51471.0,13.3
Wheat,1295.0,24.0,88.0,88.0,17.0,15.0,120.0,0.7333333333333333,0.14166666666666666,576.0,113960.0,7.9
Wheat,791.0,24.0,89.0,64.0,15.0,14.0,93.0,0.6881720430107527,0.16129032258064516,576.0,70399.0,14.3
Corn,534.0,20.0,63.0,79.0,26.0,15.0,120.0,0.6583333333333333,0.21666666666666667,400.0,33642.0,14.7
Barley,594.0,27.0,81.0,76.0,29.0,14.0,119.0,0.6386554621848739,0.24369747899159663,729.0,48114.0,10.7
Sorghum,800.0,31.0,87.0,80.0,22.0,17.0,119.0,0.6722689075630253,0.18487394957983194,961.0,69600.0,6.4
Barley,1039.0,23.0,82.0,69.0,27.0,10.0,106.0,0.6509433962264151,0.25471698113207547,529.0,85198.0,8.7
Barley,432.0,32.0,72.0,64.0,17.0,20.0,101.0,0.6336633663366337,0.16831683168316833,1024.0,31104.0,13.0
Corn,1087.0,34.0,64.0,63.0,27.0,16.0,106.0,0.5943396226415094,0.25471698113207547,1156.0,69568.0,8.7
Barley,859.0,30.0,82.0,65.0,29.0,24.0,118.0,0.5508474576271186,0.2457627118644068,900.0,70438.0,5.9
Rice,1354.0,29.0,74.0,85.0,16.0,19.0,120.0,0.7083333333333334,0.13333333333333333,841.0,100196.0,10.6
Corn,1282.0,22.0,66.0,63.0,25.0,19.0,107.0,0.5887850467289719,0.2336448598130841,484.0,84612.0,13.5
Rice,869.0,33.0,82.0,89.0,18.0,20.0,127.0,0.7007874015748031,0.14173228346456693,1089.0,71258.0,13.0
Corn,774.0,35.0,96.0,66.0,17.0,11.0,94.0,0.7021276595744681,0.18085106382978725,1225.0,74304.0,6.8
Barley,421.0,29.0,51.0,66.0,27.0,24.0,117.0,0.5641025641025641,0.23076923076923078,841.0,21471.0,11.7
Rice,1149.0,29.0,63.0,77.0,15.0,23.0,115.0,0.6695652173913044,0.13043478260869565,841.0,72387.0,7.2
Rice,1069.0,31.0,89.0,62.0,17.0,18.0,97.0,0.6391752577319587,0.17525773195876287,961.0,95141.0,7.2
Rice,437.0,28.0,89.0,60.0,26.0,10.0,96.0,0.625,0.2708333333333333,784.0,38893.0,13.7
Corn,629.0,20.0,88.0,83.0,16.0,20.0,119.0,0.6974789915966386,0.13445378151260504,400.0,55352.0,7.5
Soybean,764.0,24.0,55.0,84.0,22.0,19.0,125.0,0.672,0.176,576.0,42020.0,7.6
Barley,962.0,39.0,55.0,63.0,20.0,15.0,98.0,0.6428571428571429,0.20408163265306123,1521.0,52910.0,5.0
Rice,837.0,27.0,52.0,65.0,23.0,18.0,106.0,0.6132075471698113,0.2169811320754717,729.0,43524.0,13.7
Sorghum,1175.0,30.0,56.0,68.0,22.0,10.0,100.0,0.68,0.22,900.0,65800.0,12.9
Soybean,682.0,31.0,57.0,81.0,24.0,13.0,118.0,0.6864406779661016,0.2033898305084746,961.0,38874.0,11.3
Sorghum,426.0,20.0,91.0,73.0,17.0,13.0,103.0,0.7087378640776699,0.1650485436893204,400.0,38766.0,12.5
Barley,625.0,39.0,64.0,87.0,19.0,24.0,130.0,0.6692307692307692,0.14615384615384616,1521.0,40000.0,6.5
Barley,676.0,30.0,96.0,71.0,21.0,18.0,110.0,0.6454545454545455,0.19090909090909092,900.0,64896.0,9.6
Rice,1197.0,24.0,78.0,87.0,19.0,20.0,126.0,0.6904761904761905,0.15079365079365079,576.0,93366.0,8.5
Rice,1008.0,34.0,82.0,84.0,22.0,14.0,120.0,0.7,0.18333333333333332,1156.0,82656.0,5.9
Corn,683.0,24.0,79.0,79.0,26.0,14.0,119.0,0.6638655462184874,0.2184873949579832,576.0,53957.0,9.9
Soybean,1278.0,31.0,88.0,83.0,19.0,15.0,117.0,0.7094017094017094,0.1623931623931624,961.0,112464.0,14.2
Soybean,1359.0,24.0,76.0,84.0,15.0,10.0,109.0,0.7706422018348624,0.13761467889908258,576.0,103284.0,5.4
Rice,880.0,36.0,85.0,63.0,19.0,10.0,92.0,0.6847826086956522,0.20652173913043478,1296.0,74800.0,7.9
Barley,852.0,36.0,78.0,80.0,18.0,24.0,122.0,0.6557377049180327,0.14754098360655737,1296.0,66456.0,7.1
Rice,1228.0,31.0,87.0,89.0,20.0,18.0,127.0,0.7007874015748031,0.15748031496062992,961.0,106836.0,7.4
Barley,1215.0,34.0,82.0,83.0,17.0,12.0,112.0,0.7410714285714286,0.15178571428571427,1156.0,99630.0,14.1
Barley,1058.0,34.0,86.0,71.0,29.0,13.0,113.0,0.6283185840707964,0.25663716814159293,1156.0,90988.0,9.7
Rice,915.0,25.0,76.0,69.0,25.0,10.0,104.0,0.6634615384615384,0.2403846153846154,625.0,69540.0,9.7
Wheat,946.0,31.0,82.0,89.0,19.0,18.0,126.0,0.7063492063492064,0.15079365079365079,961.0,77572.0,12.6
Soybean,591.0,39.0,53.0,81.0,16.0,24.0,121.0,0.6694214876033058,0.1322314049586777,1521.0,31323.0,6.5
Sorghum,448.0,37.0,71.0,87.0,25.0,17.0,129.0,0.6744186046511628,0.1937984496124031,1369.0,31808.0,9.9
Barley,911.0,33.0,51.0,66.0,20.0,11.0,97.0,0.6804123711340206,0.20618556701030927,1089.0,46461.0,9.3
Barley,416.0,21.0,59.0,62.0,27.0,17.0,106.0,0.5849056603773585,0.25471698113207547,441.0,24544.0,11.0
Wheat,571.0,28.0,54.0,82.0,29.0,24.0,135.0,0.6074074074074074,0.21481481481481482,784.0,30834.0,15.0
Sorghum,619.0,24.0,59.0,87.0,26.0,16.0,129.0,0.6744186046511628,0.20155038759689922,576.0,36521.0,12.7
Corn,557.0,39.0,82.0,73.0,20.0,20.0,113.0,0.6460176991150443,0.17699115044247787,1521.0,45674.0,9.0
Wheat,876.0,20.0,87.0,83.0,19.0,15.0,117.0,0.7094017094017094,0.1623931623931624,400.0,76212.0,13.3
Sorghum,445.0,22.0,62.0,69.0,20.0,10.0,99.0,0.696969696969697,0.20202020202020202,484.0,27590.0,6.7
Wheat,772.0,25.0,80.0,75.0,25.0,24.0,124.0,0.6048387096774194,0.20161290322580644,625.0,61760.0,5.3
Barley,917.0,24.0,96.0,75.0,21.0,16.0,112.0,0.6696428571428571,0.1875,576.0,88032.0,7.0
Soybean,498.0,24.0,85.0,81.0,26.0,19.0,126.0,0.6428571428571429,0.20634920634920634,576.0,42330.0,8.4
Wheat,1291.0,20.0,94.0,69.0,19.0,16.0,104.0,0.6634615384615384,0.18269230769230768,400.0,121354.0,10.1
Corn,1144.0,36.0,73.0,84.0,15.0,22.0,121.0,0.6942148760330579,0.12396694214876033,1296.0,83512.0,11.2
Rice,436.0,38.0,64.0,72.0,22.0,23.0,117.0,0.6153846153846154,0.18803418803418803,1444.0,27904.0,14.1
Sorghum,679.0,33.0,78.0,65.0,18.0,18.0,101.0,0.6435643564356436,0.1782178217821782,1089.0,52962.0,10.1
Wheat,748.0,31.0,57.0,71.0,23.0,10.0,104.0,0.6826923076923077,0.22115384615384615,961.0,42636.0,10.0
Wheat,896.0,29.0,54.0,68.0,28.0,11.0,107.0,0.6355140186915887,0.2616822429906542,841.0,48384.0,5.5
Corn,701.0,39.0,78.0,72.0,24.0,20.0,116.0,0.6206896551724138,0.20689655172413793,1521.0,54678.0,5.3
Soybean,580.0,37.0,96.0,63.0,26.0,18.0,107.0,0.5887850467289719,0.24299065420560748,1369.0,55680.0,10.5
Wheat,1006.0,30.0,53.0,83.0,20.0,22.0,125.0,0.664,0.16,900.0,53318.0,9.4
Wheat,498.0,21.0,61.0,70.0,15.0,18.0,103.0,0.6796116504854369,0.14563106796116504,441.0,30378.0,13.4
Soybean,1099.0,37.0,94.0,79.0,17.0,22.0,118.0,0.6694915254237288,0.1440677966101695,1369.0,103306.0,6.6
Corn,1392.0,26.0,51.0,77.0,17.0,15.0,109.0,0.7064220183486238,0.1559633027522936,676.0,70992.0,5.2
Sorghum,515.0,34.0,76.0,85.0,24.0,15.0,124.0,0.6854838709677419,0.1935483870967742,1156.0,39140.0,9.5
Sorghum,590.0,30.0,80.0,70.0,26.0,13.0,109.0,0.6422018348623854,0.23853211009174313,900.0,47200.0,7.4
Wheat,652.0,37.0,85.0,84.0,26.0,13.0,123.0,0.6829268292682927,0.21138211382113822,1369.0,55420.0,5.5
Soybean,1380.0,31.0,85.0,80.0,18.0,14.0,112.0,0.7142857142857143,0.16071428571428573,961.0,117300.0,12.2
Wheat,1327.0,25.0,75.0,63.0,20.0,12.0,95.0,0.6631578947368421,0.21052631578947367,625.0,99525.0,6.1
Rice,1382.0,39.0,92.0,77.0,29.0,10.0,116.0,0.6637931034482759,0.25,1521.0,127144.0,11.1
Sorghum,560.0,32.0,76.0,60.0,21.0,24.0,105.0,0.5714285714285714,0.2,1024.0,42560.0,7.8
Barley,655.0,39.0,54.0,86.0,24.0,10.0,120.0,0.7166666666666667,0.2,1521.0,35370.0,6.7
Rice,722.0,35.0,69.0,66.0,18.0,21.0,105.0,0.6285714285714286,0.17142857142857143,1225.0,49818.0,8.8
Wheat,527.0,37.0,60.0,65.0,20.0,24.0,109.0,0.5963302752293578,0.1834862385321101,1369.0,31620.0,13.0
Corn,417.0,29.0,59.0,74.0,25.0,22.0,121.0,0.6115702479338843,0.2066115702479339,841.0,24603.0,8.9
Sorghum,1192.0,27.0,89.0,77.0,15.0,16.0,108.0,0.7129629629629629,0.1388888888888889,729.0,106088.0,12.5
Barley,1134.0,37.0,87.0,83.0,28.0,10.0,121.0,0.6859504132231405,0.23140495867768596,1369.0,98658.0,6.3
Rice,965.0,20.0,55.0,70.0,22.0,10.0,102.0,0.6862745098039216,0.21568627450980393,400.0,53075.0,12.7
Sorghum,969.0,27.0,57.0,79.0,21.0,12.0,112.0,0.7053571428571429,0.1875,729.0,55233.0,7.4
Soybean,722.0,25.0,72.0,83.0,29.0,19.0,131.0,0.6335877862595419,0.22137404580152673,625.0,51984.0,11.8
Corn,1271.0,24.0,96.0,74.0,25.0,24.0,123.0,0.6016260162601627,0.2032520325203252,576.0,122016.0,10.7
Rice,1085.0,34.0,75.0,75.0,25.0,13.0,113.0,0.6637168141592921,0.22123893805309736,1156.0,81375.0,14.3
Soybean,1191.0,34.0,95.0,66.0,23.0,13.0,102.0,0.6470588235294118,0.22549019607843138,1156.0,113145.0,8.9
Wheat,1025.0,21.0,92.0,80.0,17.0,11.0,108.0,0.7407407407407407,0.1574074074074074,441.0,94300.0,5.7
Soybean,687.0,20.0,61.0,69.0,16.0,10.0,95.0,0.7263157894736842,0.16842105263157894,400.0,41907.0,5.2
Rice,1342.0,30.0,75.0,85.0,15.0,12.0,112.0,0.7589285714285714,0.13392857142857142,900.0,100650.0,13.3
Rice,1253.0,29.0,62.0,71.0,17.0,20.0,108.0,0.6574074074074074,0.1574074074074074,841.0,77686.0,10.2
Wheat,1062.0,37.0,89.0,83.0,19.0,13.0,115.0,0.7217391304347827,0.16521739130434782,1369.0,94518.0,12.8
Soybean,1361.0,37.0,67.0,73.0,28.0,12.0,113.0,0.6460176991150443,0.24778761061946902,1369.0,91187.0,7.3
Soybean,1038.0,36.0,74.0,84.0,25.0,17.0,126.0,0.6666666666666666,0.1984126984126984,1296.0,76812.0,8.5
Wheat,554.0,27.0,82.0,64.0,16.0,23.0,103.0,0.6213592233009708,0.1553398058252427,729.0,45428.0,5.3
Soybean,889.0,34.0,96.0,85.0,26.0,19.0,130.0,0.6538461538461539,0.2,1156.0,85344.0,14.6
Sorghum,785.0,27.0,89.0,80.0,17.0,10.0,107.0,0.7476635514018691,0.1588785046728972,729.0,69865.0,11.7
Wheat,1385.0,36.0,92.0,77.0,29.0,23.0,129.0,0.5968992248062015,0.2248062015503876,1296.0,127420.0,14.3
Corn,1184.0,31.0,61.0,64.0,29.0,11.0,104.0,0.6153846153846154,0.27884615384615385,961.0,72224.0,7.7
Rice,503.0,27.0,93.0,62.0,29.0,22.0,113.0,0.5486725663716814,0.25663716814159293,729.0,46779.0,11.1
Corn,1328.0,33.0,85.0,82.0,18.0,16.0,116.0,0.7068965517241379,0.15517241379310345,1089.0,112880.0,11.8
Sorghum,792.0,23.0,97.0,85.0,21.0,13.0,119.0,0.7142857142857143,0.17647058823529413,529.0,76824.0,8.2
Sorghum,1210.0,20.0,53.0,64.0,27.0,17.0,108.0,0.5925925925925926,0.25,400.0,64130.0,13.5
Barley,645.0,20.0,54.0,83.0,17.0,20.0,120.0,0.6916666666666667,0.14166666666666666,400.0,34830.0,14.5
Barley,575.0,38.0,86.0,76.0,29.0,22.0,127.0,0.5984251968503937,0.2283464566929134,1444.0,49450.0,13.8
Barley,438.0,35.0,57.0,78.0,23.0,12.0,113.0,0.6902654867256637,0.20353982300884957,1225.0,24966.0,12.4
Wheat,876.0,33.0,91.0,78.0,22.0,15.0,115.0,0.6782608695652174,0.19130434782608696,1089.0,79716.0,7.8
Soybean,1081.0,35.0,98.0,84.0,18.0,18.0,120.0,0.7,0.15,1225.0,105938.0,7.8
Sorghum,1158.0,24.0,77.0,80.0,27.0,10.0,117.0,0.6837606837606838,0.23076923076923078,576.0,89166.0,14.6
Corn,937.0,28.0,80.0,71.0,15.0,10.0,96.0,0.7395833333333334,0.15625,784.0,74960.0,5.1
Corn,1266.0,21.0,58.0,84.0,15.0,17.0,116.0,0.7241379310344828,0.12931034482758622,441.0,73428.0,12.2
Corn,1217.0,37.0,78.0,88.0,15.0,12.0,115.0,0.7652173913043478,0.13043478260869565,1369.0,94926.0,12.1
Corn,1320.0,25.0,63.0,68.0,15.0,14.0,97.0,0.7010309278350515,0.15463917525773196,625.0,83160.0,11.2
Barley,807.0,28.0,89.0,60.0,22.0,10.0,92.0,0.6521739130434783,0.2391304347826087,784.0,71823.0,14.9
Corn,924.0,20.0,90.0,77.0,17.0,14.0,108.0,0.7129629629629629,0.1574074074074074,400.0,83160.0,8.1
Soybean,1227.0,28.0,71.0,80.0,29.0,20.0,129.0,0.6201550387596899,0.2248062015503876,784.0,87117.0,8.4
Barley,905.0,35.0,60.0,63.0,20.0,15.0,98.0,0.6428571428571429,0.20408163265306123,1225.0,54300.0,5.8
Corn,1302.0,32.0,72.0,69.0,17.0,17.0,103.0,0.6699029126213593,0.1650485436893204,1024.0,93744.0,9.4
Wheat,1224.0,28.0,50.0,84.0,25.0,22.0,131.0,0.6412213740458015,0.19083969465648856,784.0,61200.0,7.6
Rice,435.0,32.0,95.0,66.0,19.0,23.0,108.0,0.6111111111111112,0.17592592592592593,1024.0,41325.0,8.4
Rice,1084.0,28.0,86.0,81.0,27.0,12.0,120.0,0.675,0.225,784.0,93224.0,13.3
Rice,419.0,30.0,70.0,82.0,29.0,12.0,123.0,0.6666666666666666,0.23577235772357724,900.0,29330.0,14.4
Barley,720.0,23.0,75.0,60.0,28.0,21.0,109.0,0.5504587155963303,0.25688073394495414,529.0,54000.0,6.9
Corn,1175.0,21.0,95.0,76.0,27.0,20.0,123.0,0.6178861788617886,0.21951219512195122,441.0,111625.0,8.7
Sorghum,911.0,25.0,85.0,83.0,29.0,20.0,132.0,0.6287878787878788,0.2196969696969697,625.0,77435.0,14.3
Sorghum,799.0,33.0,72.0,88.0,21.0,19.0,128.0,0.6875,0.1640625,1089.0,57528.0,5.6
Sorghum,1053.0,23.0,50.0,88.0,16.0,18.0,122.0,0.7213114754098361,0.13114754098360656,529.0,52650.0,5.9
Barley,1371.0,25.0,89.0,61.0,20.0,13.0,94.0,0.648936170212766,0.2127659574468085,625.0,122019.0,6.6
Soybean,1282.0,38.0,64.0,87.0,27.0,24.0,138.0,0.6304347826086957,0.1956521739130435,1444.0,82048.0,11.0
Wheat,870.0,25.0,70.0,85.0,20.0,13.0,118.0,0.7203389830508474,0.1694915254237288,625.0,60900.0,6.5
Wheat,542.0,21.0,96.0,70.0,25.0,21.0,116.0,0.603448275862069,0.21551724137931033,441.0,52032.0,14.7
Rice,491.0,37.0,58.0,68.0,17.0,16.0,101.0,0.6732673267326733,0.16831683168316833,1369.0,28478.0,9.5
Rice,753.0,32.0,58.0,66.0,20.0,11.0,97.0,0.6804123711340206,0.20618556701030927,1024.0,43674.0,10.0
Sorghum,1233.0,28.0,59.0,81.0,24.0,17.0,122.0,0.6639344262295082,0.19672131147540983,784.0,72747.0,7.5
Sorghum,1199.0,38.0,75.0,76.0,24.0,15.0,115.0,0.6608695652173913,0.20869565217391303,1444.0,89925.0,9.7
Rice,1126.0,32.0,90.0,76.0,28.0,12.0,116.0,0.6551724137931034,0.2413793103448276,1024.0,101340.0,11.6
Corn,1358.0,30.0,84.0,61.0,19.0,18.0,98.0,0.6224489795918368,0.19387755102040816,900.0,114072.0,12.5
Soybean,1253.0,20.0,74.0,65.0,26.0,14.0,105.0,0.6190476190476191,0.24761904761904763,400.0,92722.0,12.5
Soybean,450.0,26.0,75.0,73.0,16.0,17.0,106.0,0.6886792452830188,0.1509433962264151,676.0,33750.0,10.8
Soybean,1064.0,34.0,60.0,65.0,23.0,16.0,104.0,0.625,0.22115384615384615,1156.0,63840.0,14.0
Soybean,1097.0,20.0,87.0,61.0,22.0,23.0,106.0,0.5754716981132075,0.20754716981132076,400.0,95439.0,13.2
Rice,974.0,31.0,51.0,60.0,17.0,17.0,94.0,0.6382978723404256,0.18085106382978725,961.0,49674.0,12.6
Wheat,589.0,26.0,56.0,69.0,22.0,16.0,107.0,0.6448598130841121,0.205607476635514,676.0,32984.0,5.6
Rice,524.0,34.0,67.0,80.0,28.0,12.0,120.0,0.6666666666666666,0.23333333333333334,1156.0,35108.0,5.1
Soybean,549.0,38.0,76.0,64.0,23.0,11.0,98.0,0.6530612244897959,0.23469387755102042,1444.0,41724.0,7.1
Rice,713.0,20.0,83.0,61.0,28.0,16.0,105.0,0.580952380952381,0.26666666666666666,400.0,59179.0,11.6
Soybean,969.0,36.0,76.0,81.0,29.0,12.0,122.0,0.6639344262295082,0.23770491803278687,1296.0,73644.0,9.1
Barley,741.0,36.0,66.0,75.0,17.0,12.0,104.0,0.7211538461538461,0.16346153846153846,1296.0,48906.0,9.0
Sorghum,704.0,22.0,92.0,84.0,17.0,11.0,112.0,0.75,0.15178571428571427,484.0,64768.0,13.8
Wheat,1091.0,31.0,93.0,61.0,16.0,13.0,90.0,0.6777777777777778,0.17777777777777778,961.0,101463.0,14.0
Barley,1081.0,25.0,73.0,69.0,22.0,17.0,108.0,0.6388888888888888,0.2037037037037037,625.0,78913.0,14.1
Corn,1237.0,30.0,74.0,61.0,24.0,21.0,106.0,0.5754716981132075,0.22641509433962265,900.0,91538.0,8.1
Rice,1182.0,22.0,56.0,75.0,15.0,10.0,100.0,0.75,0.15,484.0,66192.0,11.9
Corn,453.0,27.0,55.0,75.0,22.0,10.0,107.0,0.7009345794392523,0.205607476635514,729.0,24915.0,7.7
Rice,843.0,33.0,73.0,78.0,21.0,21.0,120.0,0.65,0.175,1089.0,61539.0,6.9
Sorghum,1012.0,33.0,82.0,88.0,28.0,23.0,139.0,0.6330935251798561,0.2014388489208633,1089.0,82984.0,6.8
Barley,1392.0,29.0,98.0,66.0,21.0,14.0,101.0,0.6534653465346535,0.2079207920792079,841.0,136416.0,8.4
Sorghum,663.0,21.0,78.0,81.0,17.0,20.0,118.0,0.6864406779661016,0.1440677966101695,441.0,51714.0,9.3
Soybean,452.0,33.0,92.0,71.0,15.0,14.0,100.0,0.71,0.15,1089.0,41584.0,13.3
Sorghum,971.0,28.0,71.0,83.0,18.0,20.0,121.0,0.6859504132231405,0.1487603305785124,784.0,68941.0,6.2
Sorghum,1019.0,22.0,75.0,74.0,23.0,21.0,118.0,0.6271186440677966,0.19491525423728814,484.0,76425.0,12.3
Soybean,404.0,27.0,77.0,67.0,19.0,10.0,96.0,0.6979166666666666,0.19791666666666666,729.0,31108.0,10.3
Rice,502.0,35.0,99.0,65.0,15.0,15.0,95.0,0.6842105263157895,0.15789473684210525,1225.0,49698.0,7.9
Soybean,595.0,21.0,70.0,87.0,29.0,10.0,126.0,0.6904761904761905,0.23015873015873015,441.0,41650.0,9.9
Barley,1173.0,25.0,98.0,86.0,19.0,14.0,119.0,0.7226890756302521,0.15966386554621848,625.0,114954.0,8.0
Sorghum,1276.0,31.0,56.0,69.0,27.0,18.0,114.0,0.6052631578947368,0.23684210526315788,961.0,71456.0,11.0
Soybean,1391.0,24.0,66.0,62.0,22.0,21.0,105.0,0.5904761904761905,0.20952380952380953,576.0,91806.0,9.3
Sorghum,1283.0,21.0,69.0,78.0,22.0,23.0,123.0,0.6341463414634146,0.17886178861788618,441.0,88527.0,6.6
Barley,749.0,35.0,90.0,76.0,19.0,14.0,109.0,0.6972477064220184,0.1743119266055046,1225.0,67410.0,6.2
Corn,446.0,24.0,98.0,66.0,26.0,15.0,107.0,0.616822429906542,0.24299065420560748,576.0,43708.0,10.5
Barley,1266.0,34.0,69.0,80.0,23.0,17.0,120.0,0.6666666666666666,0.19166666666666668,1156.0,87354.0,14.0
Wheat,1222.0,31.0,71.0,79.0,29.0,20.0,128.0,0.6171875,0.2265625,961.0,86762.0,8.4
Wheat,1335.0,23.0,77.0,85.0,15.0,10.0,110.0,0.7727272727272727,0.13636363636363635,529.0,102795.0,12.3
Wheat,1219.0,34.0,89.0,63.0,18.0,23.0,104.0,0.6057692307692307,0.17307692307692307,1156.0,108491.0,11.6
Sorghum,1055.0,30.0,98.0,73.0,17.0,11.0,101.0,0.7227722772277227,0.16831683168316833,900.0,103390.0,14.3
Rice,668.0,35.0,56.0,79.0,16.0,18.0,113.0,0.6991150442477876,0.1415929203539823,1225.0,37408.0,13.2
Rice,769.0,25.0,50.0,81.0,29.0,12.0,122.0,0.6639344262295082,0.23770491803278687,625.0,38450.0,10.7
Rice,1035.0,33.0,81.0,74.0,22.0,15.0,111.0,0.6666666666666666,0.1981981981981982,1089.0,83835.0,11.6
Sorghum,505.0,37.0,62.0,83.0,21.0,14.0,118.0,0.7033898305084746,0.17796610169491525,1369.0,31310.0,14.0
Barley,1069.0,31.0,79.0,67.0,23.0,20.0,110.0,0.6090909090909091,0.20909090909090908,961.0,84451.0,9.0
Rice,1058.0,30.0,72.0,80.0,16.0,11.0,107.0,0.7476635514018691,0.14953271028037382,900.0,76176.0,8.3
Corn,1056.0,32.0,68.0,74.0,28.0,23.0,125.0,0.592,0.224,1024.0,71808.0,5.1
Wheat,519.0,30.0,81.0,81.0,28.0,24.0,133.0,0.6090225563909775,0.21052631578947367,900.0,42039.0,13.3
Barley,1230.0,35.0,79.0,79.0,18.0,16.0,113.0,0.6991150442477876,0.1592920353982301,1225.0,97170.0,13.0
Wheat,1186.0,34.0,78.0,87.0,28.0,13.0,128.0,0.6796875,0.21875,1156.0,92508.0,6.0
Rice,1003.0,34.0,98.0,73.0,29.0,10.0,112.0,0.6517857142857143,0.25892857142857145,1156.0,98294.0,10.8
Barley,457.0,23.0,94.0,86.0,20.0,22.0,128.0,0.671875,0.15625,529.0,42958.0,9.6
Soybean,1350.0,30.0,78.0,88.0,25.0,13.0,126.0,0.6984126984126984,0.1984126984126984,900.0,105300.0,6.2
Corn,745.0,38.0,79.0,68.0,17.0,15.0,100.0,0.68,0.17,1444.0,58855.0,14.8
Rice,1140.0,34.0,65.0,67.0,22.0,16.0,105.0,0.638095238095238,0.20952380952380953,1156.0,74100.0,7.1
Rice,873.0,23.0,89.0,85.0,17.0,24.0,126.0,0.6746031746031746,0.1349206349206349,529.0,77697.0,5.7
Corn,516.0,32.0,68.0,87.0,28.0,16.0,131.0,0.6641221374045801,0.21374045801526717,1024.0,35088.0,10.9
Corn,1229.0,38.0,67.0,85.0,26.0,23.0,134.0,0.6343283582089553,0.19402985074626866,1444.0,82343.0,12.4
Soybean,1190.0,21.0,50.0,76.0,27.0,16.0,119.0,0.6386554621848739,0.226890756302521,441.0,59500.0,5.3
Rice,526.0,33.0,63.0,61.0,27.0,12.0,100.0,0.61,0.27,1089.0,33138.0,11.6
Sorghum,792.0,23.0,96.0,84.0,16.0,15.0,115.0,0.7304347826086957,0.1391304347826087,529.0,76032.0,10.3
Rice,1307.0,35.0,99.0,83.0,27.0,22.0,132.0,0.6287878787878788,0.20454545454545456,1225.0,129393.0,6.0
Wheat,1040.0,39.0,51.0,89.0,27.0,17.0,133.0,0.6691729323308271,0.20300751879699247,1521.0,53040.0,6.7
Barley,457.0,33.0,77.0,62.0,17.0,13.0,92.0,0.6739130434782609,0.18478260869565216,1089.0,35189.0,10.7
Barley,1033.0,34.0,98.0,67.0,25.0,22.0,114.0,0.5877192982456141,0.21929824561403508,1156.0,101234.0,8.0
Wheat,912.0,22.0,99.0,71.0,20.0,17.0,108.0,0.6574074074074074,0.18518518518518517,484.0,90288.0,14.4
Barley,1150.0,27.0,79.0,60.0,16.0,11.0,87.0,0.6896551724137931,0.1839080459770115,729.0,90850.0,13.2
Corn,1201.0,35.0,87.0,69.0,22.0,24.0,115.0,0.6,0.19130434782608696,1225.0,104487.0,14.8
Barley,495.0,29.0,53.0,79.0,15.0,19.0,113.0,0.6991150442477876,0.13274336283185842,841.0,26235.0,7.6
Barley,1037.0,23.0,50.0,62.0,21.0,18.0,101.0,0.6138613861386139,0.2079207920792079,529.0,51850.0,14.7
Wheat,517.0,37.0,57.0,65.0,16.0,18.0,99.0,0.6565656565656566,0.16161616161616163,1369.0,29469.0,9.3
Soybean,959.0,21.0,78.0,66.0,24.0,17.0,107.0,0.616822429906542,0.22429906542056074,441.0,74802.0,8.5
Barley,1000.0,36.0,88.0,79.0,26.0,19.0,124.0,0.6370967741935484,0.20967741935483872,1296.0,88000.0,5.5
Sorghum,887.0,32.0,52.0,82.0,20.0,23.0,125.0,0.656,0.16,1024.0,46124.0,5.5
Barley,636.0,23.0,81.0,84.0,26.0,22.0,132.0,0.6363636363636364,0.19696969696969696,529.0,51516.0,11.9
Soybean,1284.0,30.0,59.0,86.0,16.0,19.0,121.0,0.7107438016528925,0.1322314049586777,900.0,75756.0,9.6
Wheat,1296.0,26.0,59.0,77.0,16.0,10.0,103.0,0.7475728155339806,0.1553398058252427,676.0,76464.0,7.3
Soybean,671.0,31.0,68.0,70.0,24.0,11.0,105.0,0.6666666666666666,0.22857142857142856,961.0,45628.0,11.1
Wheat,588.0,29.0,95.0,78.0,27.0,15.0,120.0,0.65,0.225,841.0,55860.0,7.5
Corn,1398.0,26.0,83.0,64.0,22.0,19.0,105.0,0.6095238095238096,0.20952380952380953,676.0,116034.0,10.8
Wheat,1103.0,32.0,82.0,78.0,29.0,14.0,121.0,0.6446280991735537,0.2396694214876033,1024.0,90446.0,8.6
Corn,846.0,26.0,72.0,70.0,29.0,21.0,120.0,0.5833333333333334,0.24166666666666667,676.0,60912.0,13.2
Corn,980.0,36.0,77.0,83.0,26.0,23.0,132.0,0.6287878787878788,0.19696969696969696,1296.0,75460.0,13.2
Wheat,1189.0,29.0,81.0,71.0,16.0,18.0,105.0,0.6761904761904762,0.1523809523809524,841.0,96309.0,9.8
Sorghum,1260.0,29.0,99.0,69.0,21.0,14.0,104.0,0.6634615384615384,0.20192307692307693,841.0,124740.0,8.5
Rice,646.0,23.0,56.0,67.0,17.0,11.0,95.0,0.7052631578947368,0.17894736842105263,529.0,36176.0,8.6
Wheat,1362.0,39.0,78.0,83.0,22.0,19.0,124.0,0.6693548387096774,0.1774193548387097,1521.0,106236.0,13.1
Barley,475.0,23.0,57.0,87.0,21.0,13.0,121.0,0.71900826446281,0.17355371900826447,529.0,27075.0,8.3
Sorghum,553.0,26.0,50.0,87.0,28.0,18.0,133.0,0.6541353383458647,0.21052631578947367,676.0,27650.0,7.1
Sorghum,1055.0,20.0,52.0,68.0,22.0,10.0,100.0,0.68,0.22,400.0,54860.0,5.8
Barley,834.0,31.0,73.0,63.0,28.0,20.0,111.0,0.5675675675675675,0.25225225225225223,961.0,60882.0,9.7
Rice,1396.0,32.0,72.0,64.0,21.0,10.0,95.0,0.6736842105263158,0.22105263157894736,1024.0,100512.0,9.8
Sorghum,485.0,29.0,57.0,80.0,25.0,21.0,126.0,0.6349206349206349,0.1984126984126984,841.0,27645.0,13.4
Corn,1096.0,34.0,96.0,67.0,20.0,16.0,103.0,0.6504854368932039,0.1941747572815534,1156.0,105216.0,7.2
Rice,684.0,32.0,86.0,82.0,27.0,20.0,129.0,0.6356589147286822,0.20930232558139536,1024.0,58824.0,8.8
Barley,1373.0,28.0,52.0,68.0,21.0,12.0,101.0,0.6732673267326733,0.2079207920792079,784.0,71396.0,13.1
Rice,619.0,28.0,82.0,74.0,19.0,19.0,112.0,0.6607142857142857,0.16964285714285715,784.0,50758.0,13.2
Wheat,468.0,34.0,77.0,74.0,21.0,11.0,106.0,0.6981132075471698,0.19811320754716982,1156.0,36036.0,8.8
Rice,446.0,29.0,96.0,75.0,15.0,18.0,108.0,0.6944444444444444,0.1388888888888889,841.0,42816.0,9.6
Corn,493.0,29.0,57.0,73.0,15.0,12.0,100.0,0.73,0.15,841.0,28101.0,8.0
Wheat,1149.0,27.0,83.0,67.0,23.0,11.0,101.0,0.6633663366336634,0.22772277227722773,729.0,95367.0,14.3
Soybean,1357.0,35.0,84.0,77.0,28.0,21.0,126.0,0.6111111111111112,0.2222222222222222,1225.0,113988.0,6.2
Barley,852.0,36.0,81.0,69.0,19.0,17.0,105.0,0.6571428571428571,0.18095238095238095,1296.0,69012.0,14.3
Barley,603.0,24.0,73.0,87.0,27.0,19.0,133.0,0.6541353383458647,0.20300751879699247,576.0,44019.0,11.8
Rice,1311.0,23.0,63.0,79.0,19.0,15.0,113.0,0.6991150442477876,0.168141592920354,529.0,82593.0,10.3
Sorghum,617.0,37.0,81.0,65.0,17.0,15.0,97.0,0.6701030927835051,0.17525773195876287,1369.0,49977.0,5.3
Wheat,873.0,38.0,95.0,71.0,19.0,19.0,109.0,0.6513761467889908,0.1743119266055046,1444.0,82935.0,9.8
Soybean,831.0,23.0,92.0,61.0,17.0,20.0,98.0,0.6224489795918368,0.17346938775510204,529.0,76452.0,9.1
Wheat,740.0,26.0,65.0,66.0,23.0,16.0,105.0,0.6285714285714286,0.21904761904761905,676.0,48100.0,6.6
Barley,950.0,29.0,53.0,75.0,23.0,16.0,114.0,0.6578947368421053,0.20175438596491227,841.0,50350.0,11.6
Wheat,1011.0,37.0,86.0,62.0,20.0,20.0,102.0,0.6078431372549019,0.19607843137254902,1369.0,86946.0,14.7
Soybean,688.0,38.0,70.0,72.0,29.0,22.0,123.0,0.5853658536585366,0.23577235772357724,1444.0,48160.0,10.6
Sorghum,653.0,23.0,63.0,62.0,15.0,24.0,101.0,0.6138613861386139,0.1485148514851485,529.0,41139.0,12.1
Rice,1133.0,29.0,80.0,86.0,21.0,15.0,122.0,0.7049180327868853,0.1721311475409836,841.0,90640.0,5.7
Corn,756.0,20.0,97.0,77.0,21.0,13.0,111.0,0.6936936936936937,0.1891891891891892,400.0,73332.0,9.2
Wheat,422.0,37.0,67.0,70.0,28.0,20.0,118.0,0.5932203389830508,0.23728813559322035,1369.0,28274.0,6.2
Corn,1161.0,24.0,56.0,67.0,24.0,18.0,109.0,0.6146788990825688,0.22018348623853212,576.0,65016.0,11.1
Barley,921.0,34.0,59.0,65.0,24.0,15.0,104.0,0.625,0.23076923076923078,1156.0,54339.0,14.4
Rice,1157.0,36.0,56.0,60.0,18.0,13.0,91.0,0.6593406593406593,0.1978021978021978,1296.0,64792.0,11.6
Rice,1236.0,22.0,82.0,87.0,22.0,21.0,130.0,0.6692307692307692,0.16923076923076924,484.0,101352.0,5.8
Wheat,499.0,31.0,72.0,60.0,20.0,12.0,92.0,0.6521739130434783,0.21739130434782608,961.0,35928.0,8.5
Sorghum,1201.0,21.0,70.0,82.0,18.0,13.0,113.0,0.7256637168141593,0.1592920353982301,441.0,84070.0,10.5
Rice,579.0,20.0,68.0,67.0,18.0,12.0,97.0,0.6907216494845361,0.18556701030927836,400.0,39372.0,9.0
Wheat,622.0,36.0,97.0,64.0,16.0,24.0,104.0,0.6153846153846154,0.15384615384615385,1296.0,60334.0,13.3
Wheat,1305.0,35.0,68.0,87.0,28.0,11.0,126.0,0.6904761904761905,0.2222222222222222,1225.0,88740.0,13.1
Corn,1161.0,24.0,85.0,75.0,16.0,23.0,114.0,0.6578947368421053,0.14035087719298245,576.0,98685.0,11.1
Rice,1058.0,34.0,78.0,70.0,26.0,14.0,110.0,0.6363636363636364,0.23636363636363636,1156.0,82524.0,8.7
Wheat,841.0,22.0,67.0,64.0,28.0,11.0,103.0,0.6213592233009708,0.27184466019417475,484.0,56347.0,7.6
Corn,1007.0,26.0,51.0,63.0,18.0,15.0,96.0,0.65625,0.1875,676.0,51357.0,6.1
Soybean,1168.0,30.0,50.0,89.0,19.0,12.0,120.0,0.7416666666666667,0.15833333333333333,900.0,58400.0,8.5
Corn,724.0,29.0,96.0,65.0,22.0,15.0,102.0,0.6372549019607843,0.21568627450980393,841.0,69504.0,9.1
Corn,915.0,28.0,54.0,73.0,29.0,24.0,126.0,0.5793650793650794,0.23015873015873015,784.0,49410.0,11.8
Wheat,415.0,33.0,69.0,81.0,20.0,20.0,121.0,0.6694214876033058,0.1652892561983471,1089.0,28635.0,11.6
Barley,1191.0,32.0,60.0,78.0,28.0,19.0,125.0,0.624,0.224,1024.0,71460.0,5.7
Barley,735.0,21.0,91.0,68.0,29.0,18.0,115.0,0.591304347826087,0.25217391304347825,441.0,66885.0,9.0
Sorghum,1158.0,22.0,51.0,71.0,18.0,10.0,99.0,0.7171717171717171,0.18181818181818182,484.0,59058.0,6.8
Barley,657.0,26.0,52.0,70.0,27.0,15.0,112.0,0.625,0.24107142857142858,676.0,34164.0,6.6
Corn,896.0,37.0,72.0,73.0,25.0,18.0,116.0,0.6293103448275862,0.21551724137931033,1369.0,64512.0,13.3
Sorghum,1387.0,22.0,61.0,82.0,21.0,20.0,123.0,0.6666666666666666,0.17073170731707318,484.0,84607.0,5.4
Wheat,1295.0,29.0,69.0,75.0,22.0,13.0,110.0,0.6818181818181818,0.2,841.0,89355.0,9.2
Rice,559.0,26.0,54.0,60.0,16.0,20.0,96.0,0.625,0.16666666666666666,676.0,30186.0,6.7
Corn,874.0,28.0,86.0,72.0,26.0,21.0,119.0,0.6050420168067226,0.2184873949579832,784.0,75164.0,13.8
Corn,1251.0,36.0,87.0,82.0,21.0,11.0,114.0,0.7192982456140351,0.18421052631578946,1296.0,108837.0,10.6
Sorghum,1063.0,30.0,79.0,80.0,29.0,22.0,131.0,0.6106870229007634,0.22137404580152673,900.0,83977.0,7.3
Wheat,1307.0,26.0,58.0,80.0,28.0,13.0,121.0,0.6611570247933884,0.23140495867768596,676.0,75806.0,10.0
Soybean,1089.0,33.0,83.0,89.0,16.0,10.0,115.0,0.7739130434782608,0.1391304347826087,1089.0,90387.0,12.3
Corn,1074.0,38.0,93.0,72.0,16.0,12.0,100.0,0.72,0.16,1444.0,99882.0,14.6
Soybean,779.0,23.0,84.0,61.0,22.0,19.0,102.0,0.5980392156862745,0.21568627450980393,529.0,65436.0,7.2
Soybean,944.0,25.0,71.0,63.0,16.0,18.0,97.0,0.6494845360824743,0.16494845360824742,625.0,67024.0,13.9
Barley,1328.0,29.0,93.0,87.0,29.0,19.0,135.0,0.6444444444444445,0.21481481481481482,841.0,123504.0,14.3
Wheat,1356.0,26.0,73.0,65.0,25.0,14.0,104.0,0.625,0.2403846153846154,676.0,98988.0,14.2
Soybean,1090.0,32.0,66.0,85.0,23.0,24.0,132.0,0.6439393939393939,0.17424242424242425,1024.0,71940.0,11.4
Wheat,826.0,33.0,59.0,86.0,26.0,20.0,132.0,0.6515151515151515,0.19696969696969696,1089.0,48734.0,11.3
Barley,1012.0,23.0,79.0,82.0,15.0,15.0,112.0,0.7321428571428571,0.13392857142857142,529.0,79948.0,9.0
Wheat,667.0,27.0,95.0,86.0,29.0,12.0,127.0,0.6771653543307087,0.2283464566929134,729.0,63365.0,12.5
Corn,1234.0,24.0,72.0,64.0,23.0,14.0,101.0,0.6336633663366337,0.22772277227722773,576.0,88848.0,10.3
Soybean,976.0,20.0,81.0,84.0,29.0,20.0,133.0,0.631578947368421,0.21804511278195488,400.0,79056.0,11.8
Wheat,816.0,23.0,66.0,62.0,15.0,17.0,94.0,0.6595744680851063,0.1595744680851064,529.0,53856.0,9.3
Rice,567.0,22.0,99.0,60.0,24.0,15.0,99.0,0.6060606060606061,0.24242424242424243,484.0,56133.0,12.3
Wheat,1241.0,28.0,66.0,63.0,27.0,13.0,103.0,0.6116504854368932,0.2621359223300971,784.0,81906.0,13.2
Soybean,442.0,27.0,63.0,84.0,24.0,11.0,119.0,0.7058823529411765,0.20168067226890757,729.0,27846.0,6.5
Barley,955.0,20.0,58.0,79.0,16.0,23.0,118.0,0.6694915254237288,0.13559322033898305,400.0,55390.0,13.3
Barley,684.0,25.0,89.0,61.0,20.0,18.0,99.0,0.6161616161616161,0.20202020202020202,625.0,60876.0,10.4
Soybean,796.0,28.0,51.0,85.0,20.0,22.0,127.0,0.6692913385826772,0.15748031496062992,784.0,40596.0,13.4
Corn,411.0,26.0,94.0,89.0,15.0,21.0,125.0,0.712,0.12,676.0,38634.0,9.3
Corn,1006.0,23.0,74.0,89.0,21.0,10.0,120.0,0.7416666666666667,0.175,529.0,74444.0,8.8
Barley,701.0,32.0,88.0,64.0,22.0,10.0,96.0,0.6666666666666666,0.22916666666666666,1024.0,61688.0,14.2
Barley,1297.0,36.0,58.0,62.0,16.0,22.0,100.0,0.62,0.16,1296.0,75226.0,7.5
Soybean,652.0,21.0,71.0,88.0,22.0,13.0,123.0,0.7154471544715447,0.17886178861788618,441.0,46292.0,13.4
Corn,898.0,24.0,92.0,87.0,23.0,16.0,126.0,0.6904761904761905,0.18253968253968253,576.0,82616.0,9.8
Barley,1153.0,31.0,95.0,88.0,20.0,10.0,118.0,0.7457627118644068,0.1694915254237288,961.0,109535.0,10.1
Corn,434.0,27.0,53.0,68.0,19.0,18.0,105.0,0.6476190476190476,0.18095238095238095,729.0,23002.0,8.1
Barley,1126.0,25.0,75.0,79.0,26.0,13.0,118.0,0.6694915254237288,0.22033898305084745,625.0,84450.0,10.7
Wheat,1248.0,27.0,78.0,65.0,23.0,12.0,100.0,0.65,0.23,729.0,97344.0,8.3
Rice,489.0,37.0,94.0,77.0,27.0,10.0,114.0,0.6754385964912281,0.23684210526315788,1369.0,45966.0,5.4
Sorghum,1175.0,22.0,83.0,65.0,26.0,19.0,110.0,0.5909090909090909,0.23636363636363636,484.0,97525.0,7.7
Wheat,1004.0,31.0,72.0,78.0,25.0,13.0,116.0,0.6724137931034483,0.21551724137931033,961.0,72288.0,5.1
Sorghum,1321.0,22.0,86.0,87.0,23.0,18.0,128.0,0.6796875,0.1796875,484.0,113606.0,14.8
Barley,1369.0,25.0,60.0,71.0,15.0,22.0,108.0,0.6574074074074074,0.1388888888888889,625.0,82140.0,14.7
Rice,1001.0,21.0,55.0,84.0,25.0,23.0,132.0,0.6363636363636364,0.1893939393939394,441.0,55055.0,9.0
Rice,817.0,31.0,67.0,70.0,17.0,19.0,106.0,0.660377358490566,0.16037735849056603,961.0,54739.0,12.3
Barley,514.0,21.0,70.0,61.0,23.0,15.0,99.0,0.6161616161616161,0.23232323232323232,441.0,35980.0,8.5
Barley,1016.0,25.0,91.0,74.0,25.0,15.0,114.0,0.6491228070175439,0.21929824561403508,625.0,92456.0,11.7
Corn,1302.0,36.0,85.0,71.0,16.0,10.0,97.0,0.7319587628865979,0.16494845360824742,1296.0,110670.0,13.1
Barley,595.0,22.0,90.0,71.0,26.0,19.0,116.0,0.6120689655172413,0.22413793103448276,484.0,53550.0,14.5
Soybean,1225.0,21.0,87.0,68.0,18.0,11.0,97.0,0.7010309278350515,0.18556701030927836,441.0,106575.0,9.0
Barley,900.0,39.0,83.0,80.0,18.0,20.0,118.0,0.6779661016949152,0.15254237288135594,1521.0,74700.0,12.8
Soybean,1025.0,27.0,66.0,83.0,16.0,15.0,114.0,0.7280701754385965,0.14035087719298245,729.0,67650.0,7.7
Barley,892.0,31.0,86.0,61.0,29.0,11.0,101.0,0.6039603960396039,0.2871287128712871,961.0,76712.0,14.9
Corn,474.0,23.0,74.0,81.0,17.0,12.0,110.0,0.7363636363636363,0.15454545454545454,529.0,35076.0,5.3
Soybean,812.0,24.0,87.0,62.0,27.0,13.0,102.0,0.6078431372549019,0.2647058823529412,576.0,70644.0,11.0
Wheat,775.0,32.0,61.0,71.0,17.0,20.0,108.0,0.6574074074074074,0.1574074074074074,1024.0,47275.0,11.6
Soybean,819.0,34.0,72.0,87.0,15.0,14.0,116.0,0.75,0.12931034482758622,1156.0,58968.0,11.9
Corn,1128.0,35.0,91.0,89.0,20.0,24.0,133.0,0.6691729323308271,0.15037593984962405,1225.0,102648.0,6.2
Sorghum,676.0,29.0,71.0,85.0,22.0,18.0,125.0,0.68,0.176,841.0,47996.0,14.4
Soybean,1160.0,35.0,70.0,75.0,26.0,21.0,122.0,0.6147540983606558,0.21311475409836064,1225.0,81200.0,6.8
Barley,1075.0,31.0,76.0,80.0,17.0,24.0,121.0,0.6611570247933884,0.14049586776859505,961.0,81700.0,11.2
Barley,793.0,36.0,80.0,87.0,19.0,24.0,130.0,0.6692307692307692,0.14615384615384616,1296.0,63440.0,7.2
Sorghum,1268.0,35.0,55.0,83.0,15.0,13.0,111.0,0.7477477477477478,0.13513513513513514,1225.0,69740.0,8.1
Corn,856.0,31.0,76.0,85.0,24.0,22.0,131.0,0.648854961832061,0.183206106870229,961.0,65056.0,10.5
Rice,1319.0,27.0,89.0,89.0,21.0,20.0,130.0,0.6846153846153846,0.16153846153846155,729.0,117391.0,9.2
Barley,591.0,39.0,83.0,60.0,24.0,18.0,102.0,0.5882352941176471,0.23529411764705882,1521.0,49053.0,6.6
Wheat,1138.0,22.0,61.0,80.0,27.0,20.0,127.0,0.6299212598425197,0.2125984251968504,484.0,69418.0,6.7
Corn,1088.0,35.0,94.0,62.0,15.0,19.0,96.0,0.6458333333333334,0.15625,1225.0,102272.0,9.2
Soybean,498.0,32.0,56.0,79.0,26.0,12.0,117.0,0.6752136752136753,0.2222222222222222,1024.0,27888.0,12.6
Soybean,947.0,38.0,59.0,61.0,25.0,17.0,103.0,0.5922330097087378,0.24271844660194175,1444.0,55873.0,14.0
Wheat,1377.0,27.0,94.0,68.0,23.0,21.0,112.0,0.6071428571428571,0.20535714285714285,729.0,129438.0,5.8
Barley,1398.0,24.0,66.0,78.0,22.0,10.0,110.0,0.7090909090909091,0.2,576.0,92268.0,8.9
Corn,495.0,39.0,75.0,74.0,21.0,20.0,115.0,0.6434782608695652,0.1826086956521739,1521.0,37125.0,6.0
Wheat,1063.0,27.0,70.0,77.0,24.0,18.0,119.0,0.6470588235294118,0.20168067226890757,729.0,74410.0,5.2
Barley,1062.0,31.0,77.0,85.0,29.0,18.0,132.0,0.6439393939393939,0.2196969696969697,961.0,81774.0,11.6
Corn,589.0,20.0,95.0,70.0,21.0,19.0,110.0,0.6363636363636364,0.19090909090909092,400.0,55955.0,11.0
Soybean,1135.0,39.0,51.0,84.0,19.0,11.0,114.0,0.7368421052631579,0.16666666666666666,1521.0,57885.0,6.6
Corn,436.0,25.0,92.0,82.0,19.0,13.0,114.0,0.7192982456140351,0.16666666666666666,625.0,40112.0,7.3
Sorghum,1179.0,37.0,50.0,75.0,25.0,22.0,122.0,0.6147540983606558,0.20491803278688525,1369.0,58950.0,5.2
Rice,768.0,27.0,85.0,81.0,27.0,17.0,125.0,0.648,0.216,729.0,65280.0,13.3
Corn,1094.0,26.0,75.0,76.0,19.0,16.0,111.0,0.6846846846846847,0.17117117117117117,676.0,82050.0,14.7
Rice,924.0,20.0,78.0,64.0,15.0,10.0,89.0,0.7191011235955056,0.16853932584269662,400.0,72072.0,6.4
Corn,678.0,35.0,70.0,71.0,22.0,14.0,107.0,0.6635514018691588,0.205607476635514,1225.0,47460.0,7.3
Rice,616.0,31.0,60.0,70.0,26.0,16.0,112.0,0.625,0.23214285714285715,961.0,36960.0,13.7
Sorghum,1266.0,25.0,89.0,89.0,25.0,24.0,138.0,0.644927536231884,0.18115942028985507,625.0,112674.0,14.3
Soybean,1272.0,39.0,60.0,74.0,15.0,13.0,102.0,0.7254901960784313,0.14705882352941177,1521.0,76320.0,9.2
Barley,1197.0,21.0,85.0,86.0,18.0,24.0,128.0,0.671875,0.140625,441.0,101745.0,5.5
Rice,672.0,33.0,98.0,62.0,29.0,24.0,115.0,0.5391304347826087,0.25217391304347825,1089.0,65856.0,5.4
Sorghum,1280.0,23.0,88.0,60.0,23.0,10.0,93.0,0.6451612903225806,0.24731182795698925,529.0,112640.0,10.7
Rice,461.0,20.0,89.0,79.0,28.0,18.0,125.0,0.632,0.224,400.0,41029.0,8.9
Soybean,995.0,37.0,84.0,88.0,23.0,23.0,134.0,0.6567164179104478,0.17164179104477612,1369.0,83580.0,5.3
Rice,1279.0,32.0,83.0,75.0,19.0,14.0,108.0,0.6944444444444444,0.17592592592592593,1024.0,106157.0,10.8
Sorghum,1128.0,21.0,96.0,61.0,18.0,20.0,99.0,0.6161616161616161,0.18181818181818182,441.0,108288.0,5.1
Sorghum,741.0,28.0,73.0,61.0,17.0,11.0,89.0,0.6853932584269663,0.19101123595505617,784.0,54093.0,12.9
Wheat,796.0,21.0,71.0,62.0,17.0,17.0,96.0,0.6458333333333334,0.17708333333333334,441.0,56516.0,8.1
Soybean,1098.0,28.0,54.0,67.0,26.0,20.0,113.0,0.5929203539823009,0.23008849557522124,784.0,59292.0,5.4
Wheat,418.0,20.0,82.0,83.0,19.0,22.0,124.0,0.6693548387096774,0.1532258064516129,400.0,34276.0,10.9
Soybean,576.0,30.0,85.0,87.0,24.0,11.0,122.0,0.7131147540983607,0.19672131147540983,900.0,48960.0,9.0
Rice,1011.0,22.0,96.0,74.0,15.0,12.0,101.0,0.7326732673267327,0.1485148514851485,484.0,97056.0,14.7
Sorghum,795.0,39.0,69.0,66.0,19.0,23.0,108.0,0.6111111111111112,0.17592592592592593,1521.0,54855.0,10.4
Wheat,844.0,23.0,68.0,65.0,20.0,19.0,104.0,0.625,0.19230769230769232,529.0,57392.0,7.8
Rice,632.0,37.0,84.0,68.0,21.0,10.0,99.0,0.6868686868686869,0.21212121212121213,1369.0,53088.0,12.1
Sorghum,1314.0,25.0,92.0,79.0,26.0,20.0,125.0,0.632,0.208,625.0,120888.0,7.7
Soybean,475.0,22.0,66.0,87.0,23.0,11.0,121.0,0.71900826446281,0.19008264462809918,484.0,31350.0,14.0
Sorghum,664.0,30.0,94.0,60.0,17.0,23.0,100.0,0.6,0.17,900.0,62416.0,8.7
Rice,854.0,34.0,92.0,67.0,29.0,16.0,112.0,0.5982142857142857,0.25892857142857145,1156.0,78568.0,10.5
Wheat,1195.0,24.0,83.0,82.0,16.0,19.0,117.0,0.7008547008547008,0.13675213675213677,576.0,99185.0,5.5
Wheat,1117.0,39.0,58.0,82.0,28.0,11.0,121.0,0.6776859504132231,0.23140495867768596,1521.0,64786.0,9.3
Sorghum,1134.0,29.0,75.0,62.0,17.0,15.0,94.0,0.6595744680851063,0.18085106382978725,841.0,85050.0,13.3
Rice,783.0,31.0,51.0,63.0,26.0,24.0,113.0,0.5575221238938053,0.23008849557522124,961.0,39933.0,13.1
Corn,963.0,34.0,58.0,85.0,23.0,12.0,120.0,0.7083333333333334,0.19166666666666668,1156.0,55854.0,7.2
Soybean,1250.0,36.0,58.0,84.0,26.0,13.0,123.0,0.6829268292682927,0.21138211382113822,1296.0,72500.0,7.3
Soybean,905.0,29.0,89.0,74.0,21.0,20.0,115.0,0.6434782608695652,0.1826086956521739,841.0,80545.0,13.2
Rice,766.0,25.0,66.0,65.0,23.0,24.0,112.0,0.5803571428571429,0.20535714285714285,625.0,50556.0,14.3
Corn,543.0,37.0,50.0,74.0,27.0,22.0,123.0,0.6016260162601627,0.21951219512195122,1369.0,27150.0,6.0
Wheat,1284.0,32.0,74.0,80.0,16.0,17.0,113.0,0.7079646017699115,0.1415929203539823,1024.0,95016.0,9.5
Barley,468.0,22.0,92.0,62.0,19.0,23.0,104.0,0.5961538461538461,0.18269230769230768,484.0,43056.0,8.4
Barley,498.0,29.0,89.0,84.0,27.0,12.0,123.0,0.6829268292682927,0.21951219512195122,841.0,44322.0,13.7
Rice,795.0,33.0,91.0,80.0,18.0,19.0,117.0,0.6837606837606838,0.15384615384615385,1089.0,72345.0,5.8
Corn,424.0,25.0,74.0,80.0,29.0,15.0,124.0,0.6451612903225806,0.23387096774193547,625.0,31376.0,7.1
Corn,1347.0,22.0,88.0,73.0,16.0,10.0,99.0,0.7373737373737373,0.16161616161616163,484.0,118536.0,12.5
Soybean,1290.0,35.0,84.0,79.0,23.0,16.0,118.0,0.6694915254237288,0.19491525423728814,1225.0,108360.0,5.5
Wheat,868.0,26.0,52.0,73.0,23.0,17.0,113.0,0.6460176991150443,0.20353982300884957,676.0,45136.0,9.9
Sorghum,883.0,39.0,99.0,63.0,20.0,20.0,103.0,0.6116504854368932,0.1941747572815534,1521.0,87417.0,9.4
Corn,964.0,33.0,86.0,71.0,25.0,23.0,119.0,0.5966386554621849,0.21008403361344538,1089.0,82904.0,8.3
Sorghum,550.0,28.0,93.0,76.0,20.0,17.0,113.0,0.672566371681416,0.17699115044247787,784.0,51150.0,8.9
Barley,543.0,34.0,93.0,66.0,22.0,12.0,100.0,0.66,0.22,1156.0,50499.0,10.3
Sorghum,968.0,22.0,79.0,68.0,20.0,23.0,111.0,0.6126126126126126,0.18018018018018017,484.0,76472.0,6.6
Wheat,438.0,21.0,87.0,62.0,15.0,19.0,96.0,0.6458333333333334,0.15625,441.0,38106.0,10.7
Wheat,508.0,21.0,83.0,87.0,18.0,10.0,115.0,0.7565217391304347,0.1565217391304348,441.0,42164.0,13.1
Sorghum,1092.0,22.0,61.0,72.0,27.0,18.0,117.0,0.6153846153846154,0.23076923076923078,484.0,66612.0,12.6
Rice,441.0,37.0,68.0,74.0,21.0,22.0,117.0,0.6324786324786325,0.1794871794871795,1369.0,29988.0,6.5
Corn,585.0,33.0,86.0,77.0,27.0,15.0,119.0,0.6470588235294118,0.226890756302521,1089.0,50310.0,6.5
Rice,1334.0,39.0,93.0,78.0,27.0,20.0,125.0,0.624,0.216,1521.0,124062.0,7.7
Sorghum,797.0,37.0,98.0,60.0,16.0,18.0,94.0,0.6382978723404256,0.1702127659574468,1369.0,78106.0,8.6
Corn,622.0,29.0,66.0,65.0,23.0,16.0,104.0,0.625,0.22115384615384615,841.0,41052.0,9.1
Soybean,1033.0,21.0,59.0,86.0,22.0,10.0,118.0,0.7288135593220338,0.1864406779661017,441.0,60947.0,11.8
Rice,532.0,20.0,98.0,86.0,22.0,21.0,129.0,0.6666666666666666,0.17054263565891473,400.0,52136.0,5.6
Rice,562.0,23.0,96.0,82.0,21.0,21.0,124.0,0.6612903225806451,0.1693548387096774,529.0,53952.0,5.3
Sorghum,614.0,33.0,61.0,86.0,18.0,10.0,114.0,0.7543859649122807,0.15789473684210525,1089.0,37454.0,8.9
Barley,1132.0,20.0,65.0,86.0,16.0,15.0,117.0,0.7350427350427351,0.13675213675213677,400.0,73580.0,12.0
Sorghum,634.0,33.0,73.0,61.0,17.0,14.0,92.0,0.6630434782608695,0.18478260869565216,1089.0,46282.0,6.9
Rice,1242.0,35.0,68.0,83.0,26.0,18.0,127.0,0.6535433070866141,0.2047244094488189,1225.0,84456.0,11.4
Corn,1057.0,33.0,57.0,73.0,20.0,11.0,104.0,0.7019230769230769,0.19230769230769232,1089.0,60249.0,7.6
Barley,1150.0,39.0,80.0,65.0,26.0,17.0,108.0,0.6018518518518519,0.24074074074074073,1521.0,92000.0,13.9
Sorghum,987.0,22.0,70.0,73.0,26.0,20.0,119.0,0.6134453781512605,0.2184873949579832,484.0,69090.0,14.0
Sorghum,408.0,22.0,66.0,63.0,19.0,14.0,96.0,0.65625,0.19791666666666666,484.0,26928.0,8.0
Rice,473.0,28.0,72.0,80.0,26.0,11.0,117.0,0.6837606837606838,0.2222222222222222,784.0,34056.0,7.3
Rice,1353.0,25.0,86.0,67.0,22.0,22.0,111.0,0.6036036036036037,0.1981981981981982,625.0,116358.0,9.1
Soybean,891.0,32.0,65.0,89.0,20.0,19.0,128.0,0.6953125,0.15625,1024.0,57915.0,7.4
Sorghum,1312.0,21.0,55.0,62.0,20.0,20.0,102.0,0.6078431372549019,0.19607843137254902,441.0,72160.0,11.7
Rice,652.0,27.0,57.0,78.0,15.0,20.0,113.0,0.6902654867256637,0.13274336283185842,729.0,37164.0,13.3
Wheat,629.0,21.0,74.0,89.0,18.0,21.0,128.0,0.6953125,0.140625,441.0,46546.0,11.7
Barley,918.0,23.0,67.0,73.0,19.0,15.0,107.0,0.6822429906542056,0.17757009345794392,529.0,61506.0,13.2
Wheat,573.0,34.0,74.0,86.0,26.0,19.0,131.0,0.6564885496183206,0.1984732824427481,1156.0,42402.0,9.0
Barley,1052.0,23.0,61.0,79.0,25.0,17.0,121.0,0.6528925619834711,0.2066115702479339,529.0,64172.0,6.6
Sorghum,567.0,32.0,64.0,76.0,17.0,13.0,106.0,0.7169811320754716,0.16037735849056603,1024.0,36288.0,12.4
Soybean,569.0,31.0,75.0,84.0,27.0,11.0,122.0,0.6885245901639344,0.22131147540983606,961.0,42675.0,8.6
Rice,792.0,32.0,90.0,67.0,23.0,21.0,111.0,0.6036036036036037,0.2072072072072072,1024.0,71280.0,11.7
Rice,1345.0,33.0,94.0,83.0,15.0,20.0,118.0,0.7033898305084746,0.1271186440677966,1089.0,126430.0,7.7
Rice,1194.0,39.0,75.0,73.0,20.0,14.0,107.0,0.6822429906542056,0.18691588785046728,1521.0,89550.0,5.8
Sorghum,1033.0,37.0,96.0,85.0,20.0,24.0,129.0,0.6589147286821705,0.15503875968992248,1369.0,99168.0,14.9
Barley,593.0,25.0,81.0,65.0,24.0,21.0,110.0,0.5909090909090909,0.21818181818181817,625.0,48033.0,6.6
Rice,916.0,30.0,59.0,82.0,19.0,11.0,112.0,0.7321428571428571,0.16964285714285715,900.0,54044.0,14.9
Wheat,428.0,21.0,65.0,81.0,26.0,11.0,118.0,0.6864406779661016,0.22033898305084745,441.0,27820.0,14.8
Rice,564.0,38.0,56.0,75.0,29.0,24.0,128.0,0.5859375,0.2265625,1444.0,31584.0,12.9
Sorghum,821.0,38.0,66.0,84.0,19.0,15.0,118.0,0.711864406779661,0.16101694915254236,1444.0,54186.0,11.6
Soybean,738.0,24.0,72.0,78.0,24.0,20.0,122.0,0.639344262295082,0.19672131147540983,576.0,53136.0,10.8
Wheat,1047.0,38.0,75.0,73.0,28.0,19.0,120.0,0.6083333333333333,0.23333333333333334,1444.0,78525.0,13.7
Rice,895.0,21.0,70.0,78.0,27.0,18.0,123.0,0.6341463414634146,0.21951219512195122,441.0,62650.0,7.9
Rice,764.0,29.0,71.0,62.0,19.0,22.0,103.0,0.6019417475728155,0.18446601941747573,841.0,54244.0,9.7
Corn,1232.0,21.0,56.0,69.0,20.0,13.0,102.0,0.6764705882352942,0.19607843137254902,441.0,68992.0,11.2
Barley,741.0,30.0,63.0,78.0,22.0,15.0,115.0,0.6782608695652174,0.19130434782608696,900.0,46683.0,9.1
Wheat,899.0,37.0,64.0,68.0,16.0,16.0,100.0,0.68,0.16,1369.0,57536.0,9.3
Corn,1056.0,34.0,56.0,87.0,20.0,22.0,129.0,0.6744186046511628,0.15503875968992248,1156.0,59136.0,8.3
Soybean,910.0,28.0,58.0,79.0,15.0,20.0,114.0,0.6929824561403509,0.13157894736842105,784.0,52780.0,10.6
Barley,726.0,38.0,97.0,72.0,18.0,15.0,105.0,0.6857142857142857,0.17142857142857143,1444.0,70422.0,13.5
Wheat,616.0,28.0,57.0,66.0,28.0,17.0,111.0,0.5945945945945946,0.25225225225225223,784.0,35112.0,7.0
Rice,700.0,22.0,99.0,73.0,24.0,13.0,110.0,0.6636363636363637,0.21818181818181817,484.0,69300.0,14.3
Wheat,531.0,28.0,72.0,68.0,17.0,21.0,106.0,0.6415094339622641,0.16037735849056603,784.0,38232.0,11.9
Rice,1203.0,33.0,78.0,86.0,23.0,24.0,133.0,0.6466165413533834,0.17293233082706766,1089.0,93834.0,13.2
Barley,469.0,38.0,67.0,87.0,17.0,10.0,114.0,0.7631578947368421,0.14912280701754385,1444.0,31423.0,10.6
Rice,651.0,26.0,80.0,82.0,29.0,16.0,127.0,0.6456692913385826,0.2283464566929134,676.0,52080.0,12.8
Soybean,814.0,35.0,79.0,84.0,20.0,12.0,116.0,0.7241379310344828,0.1724137931034483,1225.0,64306.0,5.2
Sorghum,1186.0,35.0,88.0,87.0,15.0,23.0,125.0,0.696,0.12,1225.0,104368.0,13.2
Rice,844.0,20.0,84.0,78.0,26.0,15.0,119.0,0.6554621848739496,0.2184873949579832,400.0,70896.0,5.4
Soybean,1275.0,23.0,67.0,74.0,20.0,11.0,105.0,0.7047619047619048,0.19047619047619047,529.0,85425.0,13.9
Sorghum,581.0,23.0,91.0,79.0,18.0,18.0,115.0,0.6869565217391305,0.1565217391304348,529.0,52871.0,14.9
Barley,566.0,26.0,88.0,73.0,22.0,10.0,105.0,0.6952380952380952,0.20952380952380953,676.0,49808.0,7.9
Barley,490.0,27.0,66.0,83.0,27.0,15.0,125.0,0.664,0.216,729.0,32340.0,7.1
Wheat,1113.0,36.0,63.0,65.0,25.0,15.0,105.0,0.6190476190476191,0.23809523809523808,1296.0,70119.0,12.7
Soybean,1257.0,24.0,80.0,80.0,23.0,14.0,117.0,0.6837606837606838,0.19658119658119658,576.0,100560.0,7.5
Soybean,930.0,26.0,73.0,88.0,18.0,22.0,128.0,0.6875,0.140625,676.0,67890.0,13.7
Corn,438.0,39.0,84.0,63.0,24.0,14.0,101.0,0.6237623762376238,0.2376237623762376,1521.0,36792.0,6.0
Corn,525.0,39.0,93.0,67.0,26.0,10.0,103.0,0.6504854368932039,0.2524271844660194,1521.0,48825.0,6.3
Sorghum,850.0,23.0,94.0,76.0,24.0,19.0,119.0,0.6386554621848739,0.20168067226890757,529.0,79900.0,14.8
Sorghum,572.0,25.0,83.0,89.0,20.0,21.0,130.0,0.6846153846153846,0.15384615384615385,625.0,47476.0,11.7
Corn,1052.0,26.0,52.0,68.0,15.0,14.0,97.0,0.7010309278350515,0.15463917525773196,676.0,54704.0,13.5
Sorghum,1153.0,37.0,86.0,60.0,18.0,11.0,89.0,0.6741573033707865,0.20224719101123595,1369.0,99158.0,8.2
Rice,619.0,24.0,92.0,83.0,21.0,16.0,120.0,0.6916666666666667,0.175,576.0,56948.0,11.8
Corn,1037.0,39.0,89.0,79.0,26.0,12.0,117.0,0.6752136752136753,0.2222222222222222,1521.0,92293.0,10.9
Soybean,457.0,22.0,75.0,84.0,29.0,22.0,135.0,0.6222222222222222,0.21481481481481482,484.0,34275.0,11.0
Rice,1059.0,26.0,72.0,73.0,15.0,24.0,112.0,0.6517857142857143,0.13392857142857142,676.0,76248.0,11.8
Sorghum,875.0,33.0,93.0,70.0,22.0,13.0,105.0,0.6666666666666666,0.20952380952380953,1089.0,81375.0,10.8
Barley,855.0,26.0,88.0,80.0,26.0,12.0,118.0,0.6779661016949152,0.22033898305084745,676.0,75240.0,9.3
Wheat,1228.0,24.0,64.0,62.0,24.0,12.0,98.0,0.6326530612244898,0.24489795918367346,576.0,78592.0,7.8
Corn,1294.0,24.0,98.0,68.0,26.0,13.0,107.0,0.6355140186915887,0.24299065420560748,576.0,126812.0,12.7
Barley,760.0,21.0,53.0,86.0,25.0,14.0,125.0,0.688,0.2,441.0,40280.0,7.3
Sorghum,1334.0,25.0,78.0,73.0,20.0,10.0,103.0,0.7087378640776699,0.1941747572815534,625.0,104052.0,11.9
Soybean,400.0,34.0,71.0,89.0,19.0,13.0,121.0,0.7355371900826446,0.15702479338842976,1156.0,28400.0,7.3
Wheat,786.0,29.0,74.0,68.0,24.0,21.0,113.0,0.6017699115044248,0.21238938053097345,841.0,58164.0,11.3
Barley,1372.0,26.0,62.0,63.0,25.0,21.0,109.0,0.5779816513761468,0.22935779816513763,676.0,85064.0,12.5
Wheat,747.0,24.0,67.0,86.0,29.0,20.0,135.0,0.6370370370370371,0.21481481481481482,576.0,50049.0,7.2
